{"stats":{"minecraft:crafted":{"minecraft:stone_pickaxe":1,"minecraft:bread":18,"minecraft:wheat":54},"minecraft:custom":{"minecraft:time_since_rest":2609,"minecraft:sprint_one_cm":31412,"minecraft:damage_taken":340,"minecraft:walk_one_cm":25764,"minecraft:damage_dealt":20,"minecraft:interact_with_crafting_table":4,"minecraft:fly_one_cm":61909,"minecraft:play_time":8601,"minecraft:deaths":1,"minecraft:jump":243,"minecraft:time_since_death":2567,"minecraft:walk_on_water_one_cm":86,"minecraft:total_world_time":8601,"minecraft:climb_one_cm":60,"minecraft:fall_one_cm":14399},"minecraft:mined":{"minecraft:hay_block":6,"minecraft:crafting_table":1,"minecraft:potted_dead_bush":1,"minecraft:granite":3,"minecraft:coal_ore":1,"minecraft:dead_bush":3,"minecraft:stone":22,"minecraft:sugar_cane":3,"minecraft:moss_block":6,"minecraft:diorite":17,"minecraft:wall_torch":1},"minecraft:used":{"minecraft:dead_bush":1,"minecraft:stone_pickaxe":38,"minecraft:wooden_pickaxe":13,"minecraft:cobblestone":3,"minecraft:crafting_table":1,"minecraft:granite":3},"minecraft:picked_up":{"minecraft:stick":2,"minecraft:crafting_table":2,"minecraft:sandstone":4,"minecraft:flower_pot":1,"minecraft:torch":30,"minecraft:wooden_pickaxe":2,"minecraft:sand":23,"minecraft:diorite":31,"minecraft:dead_bush":1,"minecraft:smooth_sandstone":6,"minecraft:rotten_flesh":1,"minecraft:hay_block":6,"minecraft:granite":3,"minecraft:stone_pickaxe":2,"minecraft:bread":45,"minecraft:sugar_cane":10,"minecraft:moss_block":7,"minecraft:coal":1,"minecraft:cobblestone":52,"minecraft:furnace":1}},"DataVersion":3465}