{"stats":{"minecraft:killed":{"minecraft:tropical_fish":2},"minecraft:crafted":{"minecraft:crafting_table":1,"minecraft:furnace":1,"minecraft:bread":48,"minecraft:stick":4,"minecraft:iron_ingot":3,"minecraft:iron_pickaxe":1,"minecraft:stone_pickaxe":1,"minecraft:torch":28,"minecraft:wheat":144},"minecraft:custom":{"minecraft:interact_with_furnace":6,"minecraft:mob_kills":2,"minecraft:interact_with_crafting_table":8,"minecraft:time_since_death":26567,"minecraft:climb_one_cm":545,"minecraft:time_since_rest":26609,"minecraft:sprint_one_cm":96909,"minecraft:damage_taken":515,"minecraft:walk_one_cm":78192,"minecraft:drop":7,"minecraft:damage_dealt":100,"minecraft:swim_one_cm":557,"minecraft:fly_one_cm":124934,"minecraft:play_time":32601,"minecraft:deaths":1,"minecraft:walk_under_water_one_cm":623,"minecraft:jump":760,"minecraft:walk_on_water_one_cm":15830,"minecraft:total_world_time":32601,"minecraft:fall_one_cm":26399},"minecraft:dropped":{"minecraft:bread":45,"minecraft:rotten_flesh":1,"minecraft:oak_planks":24,"minecraft:torch":30,"minecraft:sand":23,"minecraft:stone_pickaxe":1,"minecraft:wooden_pickaxe":1},"minecraft:mined":{"minecraft:deepslate_redstone_ore":13,"create:deepslate_zinc_ore":15,"minecraft:tuff":3,"minecraft:deepslate_diamond_ore":7,"minecraft:clay":1,"minecraft:crafting_table":1,"minecraft:potted_dead_bush":1,"minecraft:granite":3,"minecraft:calcite":4,"minecraft:dead_bush":3,"vs_clockwork:wanderlite_deepslate_ore":6,"minecraft:deepslate_gold_ore":7,"minecraft:moss_block":9,"minecraft:sugar_cane":3,"minecraft:diorite":17,"minecraft:wall_torch":1,"minecraft:hay_block":6,"minecraft:redstone_ore":1,"minecraft:iron_ore":28,"minecraft:deepslate_lapis_ore":8,"minecraft:grass":1,"minecraft:cave_vines":1,"minecraft:coal_ore":24,"minecraft:deepslate_iron_ore":22,"minecraft:smooth_basalt":3,"minecraft:stone":23,"minecraft:deepslate":27},"minecraft:used":{"minecraft:diorite":3,"minecraft:dead_bush":1,"minecraft:tropical_fish":1,"minecraft:stone_pickaxe":99,"minecraft:wooden_pickaxe":13,"minecraft:torch":21,"minecraft:crafting_table":3,"minecraft:granite":3,"minecraft:bread":6,"minecraft:iron_pickaxe":116,"minecraft:cobblestone":3,"minecraft:furnace":2},"minecraft:picked_up":{"minecraft:lime_bed":1,"minecraft:crafting_table":2,"minecraft:flower_pot":2,"minecraft:clay_ball":4,"minecraft:wooden_pickaxe":3,"minecraft:tuff":3,"create:raw_zinc":15,"minecraft:lapis_lazuli":47,"minecraft:smooth_sandstone":6,"minecraft:cobbled_deepslate":27,"minecraft:raw_gold":7,"minecraft:stone_pickaxe":2,"minecraft:calcite":4,"vs_clockwork:wanderlite_crystal":6,"minecraft:moss_block":12,"minecraft:sugar_cane":20,"minecraft:oak_planks":48,"minecraft:furnace":1,"minecraft:stick":7,"minecraft:raw_iron":57,"minecraft:sandstone":36,"minecraft:smooth_basalt":3,"minecraft:torch":30,"minecraft:sand":46,"minecraft:diorite":31,"minecraft:dead_bush":1,"minecraft:redstone":62,"minecraft:stone_sword":1,"minecraft:rotten_flesh":1,"minecraft:diamond":7,"minecraft:tropical_fish":4,"minecraft:hay_block":16,"minecraft:granite":3,"minecraft:bread":89,"minecraft:glow_berries":1,"minecraft:coal":22,"minecraft:cobblestone":53}},"DataVersion":3465}