{"stats":{"minecraft:killed":{"minecraft:spider":3,"minecraft:slime":9,"minecraft:skeleton":3,"minecraft:zombie":3,"minecraft:tropical_fish":2},"minecraft:crafted":{"minecraft:crafting_table":1,"minecraft:furnace":1,"minecraft:bread":48,"minecraft:stick":8,"minecraft:iron_ingot":3,"minecraft:iron_pickaxe":1,"minecraft:stone_pickaxe":1,"minecraft:torch":44,"minecraft:wheat":144},"minecraft:custom":{"minecraft:interact_with_furnace":6,"minecraft:mob_kills":20,"minecraft:interact_with_crafting_table":8,"minecraft:time_since_death":50567,"minecraft:sleep_in_bed":1,"minecraft:climb_one_cm":1245,"minecraft:time_since_rest":681,"minecraft:sprint_one_cm":193954,"minecraft:damage_taken":905,"minecraft:walk_one_cm":124211,"minecraft:drop":20,"minecraft:damage_dealt":1976,"minecraft:swim_one_cm":3178,"minecraft:fly_one_cm":224619,"minecraft:open_chest":9,"minecraft:play_time":56601,"minecraft:deaths":1,"minecraft:walk_under_water_one_cm":1502,"minecraft:jump":1384,"minecraft:walk_on_water_one_cm":20501,"minecraft:total_world_time":56601,"minecraft:fall_one_cm":42118},"minecraft:dropped":{"minecraft:bread":45,"minecraft:moss_carpet":4,"minecraft:sugar_cane":10,"minecraft:tuff":3,"minecraft:cobblestone":8,"minecraft:glow_berries":1,"minecraft:rotten_flesh":7,"minecraft:clay_ball":8,"minecraft:oak_planks":24,"minecraft:tropical_fish":3,"minecraft:torch":30,"minecraft:spider_eye":1,"minecraft:sandstone":32,"minecraft:sand":46,"minecraft:stone_pickaxe":2,"minecraft:wooden_pickaxe":1,"minecraft:smooth_basalt":3},"minecraft:mined":{"minecraft:deepslate_redstone_ore":16,"create:deepslate_zinc_ore":64,"minecraft:tuff":3,"minecraft:deepslate_diamond_ore":13,"minecraft:clay":2,"minecraft:crafting_table":1,"minecraft:potted_dead_bush":1,"minecraft:granite":3,"minecraft:calcite":4,"minecraft:dead_bush":3,"minecraft:cobblestone":1,"vs_clockwork:wanderlite_deepslate_ore":6,"minecraft:deepslate_gold_ore":24,"minecraft:moss_block":9,"minecraft:sugar_cane":3,"minecraft:diorite":17,"minecraft:wall_torch":1,"minecraft:hay_block":6,"minecraft:lime_bed":1,"minecraft:redstone_ore":1,"minecraft:iron_ore":28,"minecraft:deepslate_lapis_ore":8,"minecraft:grass":1,"minecraft:cave_vines":1,"minecraft:coal_ore":24,"minecraft:deepslate_iron_ore":34,"minecraft:smooth_basalt":3,"minecraft:stone":23,"minecraft:deepslate":47},"minecraft:used":{"minecraft:diorite":3,"minecraft:stone_sword":43,"minecraft:dead_bush":1,"minecraft:tropical_fish":1,"minecraft:stone_pickaxe":99,"minecraft:wooden_pickaxe":13,"minecraft:torch":36,"minecraft:lime_bed":1,"minecraft:crafting_table":3,"minecraft:granite":3,"minecraft:bread":18,"minecraft:iron_pickaxe":227,"minecraft:cobblestone":17,"minecraft:furnace":2,"minecraft:bucket":1},"minecraft:picked_up":{"minecraft:lime_bed":2,"minecraft:crafting_table":2,"minecraft:flower_pot":2,"minecraft:clay_ball":8,"minecraft:wooden_pickaxe":3,"minecraft:tuff":3,"create:raw_zinc":64,"minecraft:lapis_lazuli":47,"minecraft:string":4,"minecraft:moss_carpet":4,"minecraft:smooth_sandstone":6,"minecraft:bone":4,"minecraft:cobbled_deepslate":48,"minecraft:raw_gold":24,"minecraft:stone_pickaxe":2,"minecraft:calcite":4,"vs_clockwork:wanderlite_crystal":6,"minecraft:moss_block":12,"minecraft:sugar_cane":20,"minecraft:oak_planks":48,"minecraft:furnace":1,"minecraft:stick":7,"minecraft:raw_iron":67,"minecraft:sandstone":36,"minecraft:smooth_basalt":3,"minecraft:torch":31,"minecraft:sand":46,"minecraft:diorite":31,"minecraft:dead_bush":1,"minecraft:redstone":62,"minecraft:spider_eye":1,"minecraft:slime_ball":3,"minecraft:stone_sword":1,"minecraft:arrow":3,"minecraft:rotten_flesh":3,"minecraft:diamond":13,"minecraft:tropical_fish":4,"minecraft:hay_block":16,"minecraft:granite":3,"minecraft:bread":89,"minecraft:glow_berries":1,"minecraft:coal":22,"minecraft:cobblestone":54}},"DataVersion":3465}