{"stats":{"minecraft:broken":{"minecraft:iron_pickaxe":1},"minecraft:killed":{"minecraft:spider":3,"minecraft:creeper":1,"minecraft:slime":9,"minecraft:skeleton":9,"minecraft:zombie":4,"minecraft:tropical_fish":2},"minecraft:crafted":{"minecraft:crafting_table":2,"minecraft:furnace":1,"minecraft:bread":48,"minecraft:stick":12,"minecraft:iron_ingot":3,"minecraft:iron_pickaxe":1,"minecraft:stone_pickaxe":3,"minecraft:torch":44,"minecraft:wheat":144},"minecraft:custom":{"minecraft:interact_with_furnace":6,"minecraft:mob_kills":28,"minecraft:interact_with_crafting_table":9,"minecraft:time_since_death":62567,"minecraft:sleep_in_bed":1,"minecraft:climb_one_cm":1309,"minecraft:time_since_rest":12681,"minecraft:sprint_one_cm":260437,"minecraft:damage_taken":1410,"minecraft:walk_one_cm":151523,"minecraft:drop":22,"minecraft:damage_dealt":3719,"minecraft:swim_one_cm":5824,"minecraft:fly_one_cm":283388,"minecraft:open_chest":9,"minecraft:play_time":68601,"minecraft:deaths":1,"minecraft:walk_under_water_one_cm":3079,"minecraft:jump":1754,"minecraft:walk_on_water_one_cm":31700,"minecraft:total_world_time":68601,"minecraft:fall_one_cm":49663},"minecraft:dropped":{"minecraft:bread":45,"minecraft:moss_carpet":4,"minecraft:sugar_cane":10,"minecraft:tuff":5,"minecraft:cobblestone":8,"minecraft:glow_berries":1,"minecraft:rotten_flesh":7,"minecraft:clay_ball":8,"minecraft:oak_planks":24,"minecraft:tropical_fish":3,"minecraft:torch":30,"minecraft:spider_eye":1,"minecraft:sandstone":32,"minecraft:sand":46,"minecraft:stone_pickaxe":2,"minecraft:wooden_pickaxe":1,"minecraft:smooth_basalt":3},"minecraft:mined":{"minecraft:deepslate_redstone_ore":16,"create:deepslate_zinc_ore":64,"minecraft:tuff":12,"minecraft:deepslate_diamond_ore":13,"minecraft:clay":2,"minecraft:crafting_table":1,"minecraft:potted_dead_bush":1,"minecraft:granite":3,"minecraft:calcite":4,"minecraft:dead_bush":3,"minecraft:cobblestone":1,"vs_clockwork:wanderlite_deepslate_ore":6,"minecraft:deepslate_gold_ore":38,"minecraft:moss_block":9,"minecraft:sugar_cane":3,"minecraft:diorite":17,"minecraft:wall_torch":1,"minecraft:hay_block":6,"minecraft:lime_bed":1,"minecraft:redstone_ore":1,"minecraft:cobbled_deepslate":3,"minecraft:iron_ore":28,"minecraft:deepslate_lapis_ore":8,"minecraft:grass":1,"minecraft:cave_vines":1,"minecraft:coal_ore":24,"minecraft:deepslate_iron_ore":35,"minecraft:smooth_basalt":3,"minecraft:stone":23,"minecraft:deepslate":71},"minecraft:used":{"minecraft:diorite":3,"minecraft:stone_sword":78,"minecraft:dead_bush":1,"minecraft:tropical_fish":1,"minecraft:stone_pickaxe":126,"minecraft:wooden_pickaxe":13,"minecraft:torch":40,"minecraft:lime_bed":1,"minecraft:crafting_table":4,"minecraft:granite":3,"minecraft:bread":27,"minecraft:iron_pickaxe":251,"minecraft:cobblestone":17,"minecraft:furnace":2,"minecraft:bucket":1,"minecraft:cobbled_deepslate":44},"minecraft:picked_up":{"minecraft:lime_bed":2,"minecraft:crafting_table":2,"minecraft:flower_pot":2,"minecraft:clay_ball":8,"minecraft:wooden_pickaxe":3,"minecraft:tuff":14,"create:raw_zinc":64,"minecraft:gunpowder":2,"minecraft:lapis_lazuli":47,"minecraft:string":4,"minecraft:moss_carpet":4,"minecraft:smooth_sandstone":6,"minecraft:bone":13,"minecraft:bow":1,"minecraft:cobbled_deepslate":75,"minecraft:raw_gold":38,"minecraft:stone_pickaxe":2,"minecraft:calcite":4,"vs_clockwork:wanderlite_crystal":6,"minecraft:moss_block":12,"minecraft:sugar_cane":20,"minecraft:oak_planks":48,"minecraft:furnace":1,"minecraft:stick":7,"minecraft:raw_iron":68,"minecraft:sandstone":36,"minecraft:smooth_basalt":3,"minecraft:torch":31,"minecraft:sand":46,"minecraft:diorite":31,"minecraft:dead_bush":1,"minecraft:redstone":62,"minecraft:spider_eye":1,"minecraft:slime_ball":3,"minecraft:stone_sword":1,"minecraft:arrow":10,"minecraft:rotten_flesh":3,"minecraft:diamond":13,"minecraft:tropical_fish":4,"minecraft:hay_block":16,"minecraft:granite":3,"minecraft:bread":89,"minecraft:glow_berries":1,"minecraft:coal":22,"minecraft:cobblestone":54}},"DataVersion":3465}