{"stats":{"minecraft:killed":{"minecraft:spider":3,"minecraft:skeleton":1,"minecraft:zombie":3,"minecraft:tropical_fish":2},"minecraft:crafted":{"minecraft:crafting_table":1,"minecraft:furnace":1,"minecraft:bread":48,"minecraft:stick":8,"minecraft:iron_ingot":3,"minecraft:iron_pickaxe":1,"minecraft:stone_pickaxe":1,"minecraft:torch":44,"minecraft:wheat":144},"minecraft:custom":{"minecraft:interact_with_furnace":6,"minecraft:mob_kills":9,"minecraft:interact_with_crafting_table":8,"minecraft:time_since_death":38567,"minecraft:climb_one_cm":1026,"minecraft:time_since_rest":38609,"minecraft:sprint_one_cm":141931,"minecraft:damage_taken":655,"minecraft:walk_one_cm":103057,"minecraft:drop":13,"minecraft:damage_dealt":1421,"minecraft:swim_one_cm":3178,"minecraft:fly_one_cm":169873,"minecraft:open_chest":9,"minecraft:play_time":44601,"minecraft:deaths":1,"minecraft:walk_under_water_one_cm":1502,"minecraft:jump":1068,"minecraft:walk_on_water_one_cm":18748,"minecraft:total_world_time":44601,"minecraft:fall_one_cm":33592},"minecraft:dropped":{"minecraft:bread":45,"minecraft:moss_carpet":4,"minecraft:glow_berries":1,"minecraft:rotten_flesh":1,"minecraft:oak_planks":24,"minecraft:torch":30,"minecraft:sandstone":32,"minecraft:sand":46,"minecraft:stone_pickaxe":2,"minecraft:wooden_pickaxe":1,"minecraft:smooth_basalt":3},"minecraft:mined":{"minecraft:deepslate_redstone_ore":16,"create:deepslate_zinc_ore":39,"minecraft:tuff":3,"minecraft:deepslate_diamond_ore":9,"minecraft:clay":1,"minecraft:crafting_table":1,"minecraft:potted_dead_bush":1,"minecraft:granite":3,"minecraft:calcite":4,"minecraft:dead_bush":3,"minecraft:cobblestone":1,"vs_clockwork:wanderlite_deepslate_ore":6,"minecraft:deepslate_gold_ore":10,"minecraft:moss_block":9,"minecraft:sugar_cane":3,"minecraft:diorite":17,"minecraft:wall_torch":1,"minecraft:hay_block":6,"minecraft:redstone_ore":1,"minecraft:iron_ore":28,"minecraft:deepslate_lapis_ore":8,"minecraft:grass":1,"minecraft:cave_vines":1,"minecraft:coal_ore":24,"minecraft:deepslate_iron_ore":25,"minecraft:smooth_basalt":3,"minecraft:stone":23,"minecraft:deepslate":33},"minecraft:used":{"minecraft:diorite":3,"minecraft:stone_sword":26,"minecraft:dead_bush":1,"minecraft:tropical_fish":1,"minecraft:stone_pickaxe":99,"minecraft:wooden_pickaxe":13,"minecraft:torch":36,"minecraft:crafting_table":3,"minecraft:granite":3,"minecraft:bread":13,"minecraft:iron_pickaxe":159,"minecraft:cobblestone":12,"minecraft:furnace":2,"minecraft:bucket":1},"minecraft:picked_up":{"minecraft:lime_bed":1,"minecraft:crafting_table":2,"minecraft:flower_pot":2,"minecraft:clay_ball":4,"minecraft:wooden_pickaxe":3,"minecraft:tuff":3,"create:raw_zinc":39,"minecraft:lapis_lazuli":47,"minecraft:string":4,"minecraft:moss_carpet":4,"minecraft:smooth_sandstone":6,"minecraft:bone":1,"minecraft:cobbled_deepslate":33,"minecraft:raw_gold":10,"minecraft:stone_pickaxe":2,"minecraft:calcite":4,"vs_clockwork:wanderlite_crystal":6,"minecraft:moss_block":12,"minecraft:sugar_cane":20,"minecraft:oak_planks":48,"minecraft:furnace":1,"minecraft:stick":7,"minecraft:raw_iron":60,"minecraft:sandstone":36,"minecraft:smooth_basalt":3,"minecraft:torch":31,"minecraft:sand":46,"minecraft:diorite":31,"minecraft:dead_bush":1,"minecraft:redstone":62,"minecraft:spider_eye":1,"minecraft:stone_sword":1,"minecraft:arrow":2,"minecraft:rotten_flesh":3,"minecraft:diamond":9,"minecraft:tropical_fish":4,"minecraft:hay_block":16,"minecraft:granite":3,"minecraft:bread":89,"minecraft:glow_berries":1,"minecraft:coal":22,"minecraft:cobblestone":54}},"DataVersion":3465}