{"stats":{"minecraft:broken":{"minecraft:iron_pickaxe":1},"minecraft:used":{"minecraft:moss_block":15,"minecraft:water_bucket":4,"minecraft:diorite":3,"minecraft:stone_sword":85,"minecraft:dead_bush":1,"minecraft:tropical_fish":1,"minecraft:stone_pickaxe":136,"minecraft:wooden_pickaxe":13,"minecraft:iron_sword":67,"minecraft:torch":57,"minecraft:lime_bed":2,"minecraft:crafting_table":5,"minecraft:obsidian":10,"minecraft:granite":5,"minecraft:axolotl_bucket":5,"minecraft:diamond_pickaxe":13,"minecraft:bread":48,"minecraft:iron_pickaxe":283,"minecraft:iron_axe":22,"minecraft:cobblestone":20,"minecraft:furnace":3,"minecraft:oak_sapling":10,"minecraft:bucket":10,"minecraft:cobbled_deepslate":77},"minecraft:picked_up":{"minecraft:lime_bed":2,"minecraft:crafting_table":2,"minecraft:flower_pot":2,"minecraft:clay_ball":8,"minecraft:wooden_pickaxe":3,"minecraft:tuff":16,"create:raw_zinc":64,"minecraft:oak_log":20,"minecraft:gunpowder":4,"minecraft:lapis_lazuli":47,"minecraft:string":9,"minecraft:dirt":1,"minecraft:moss_carpet":4,"minecraft:smooth_sandstone":6,"minecraft:bone":14,"minecraft:apple":1,"minecraft:bow":1,"minecraft:cobbled_deepslate":91,"minecraft:raw_gold":38,"minecraft:stone_pickaxe":2,"minecraft:calcite":4,"minecraft:iron_pickaxe":1,"vs_clockwork:wanderlite_crystal":10,"minecraft:moss_block":17,"minecraft:sugar_cane":20,"minecraft:iron_sword":1,"minecraft:oak_planks":48,"minecraft:furnace":1,"minecraft:raw_iron":83,"minecraft:stick":16,"minecraft:sandstone":37,"minecraft:smooth_basalt":3,"create:dough":192,"minecraft:copper_ingot":1,"minecraft:torch":31,"minecraft:sand":49,"minecraft:diorite":31,"minecraft:dead_bush":1,"minecraft:redstone":62,"minecraft:spider_eye":1,"create:wheat_flour":154,"minecraft:stone_sword":1,"minecraft:arrow":10,"minecraft:rotten_flesh":19,"minecraft:slime_ball":3,"minecraft:diamond":13,"minecraft:tropical_fish":4,"minecraft:hay_block":16,"minecraft:granite":5,"minecraft:bread":89,"minecraft:oak_sapling":11,"minecraft:glow_berries":1,"minecraft:obsidian":7,"minecraft:coal":22,"minecraft:cobblestone":57},"minecraft:mined":{"minecraft:deepslate_redstone_ore":16,"create:deepslate_zinc_ore":64,"minecraft:tuff":14,"minecraft:deepslate_diamond_ore":13,"minecraft:clay":2,"minecraft:obsidian":7,"minecraft:crafting_table":1,"minecraft:potted_dead_bush":1,"minecraft:granite":7,"minecraft:calcite":4,"minecraft:dead_bush":3,"minecraft:cobblestone":1,"vs_clockwork:wanderlite_deepslate_ore":10,"minecraft:deepslate_gold_ore":38,"minecraft:moss_block":15,"minecraft:sugar_cane":3,"minecraft:sandstone":1,"minecraft:diorite":17,"minecraft:wall_torch":1,"minecraft:hay_block":6,"minecraft:lime_bed":1,"minecraft:redstone_ore":1,"minecraft:iron_ore":28,"minecraft:cobbled_deepslate":3,"minecraft:deepslate_lapis_ore":8,"minecraft:grass":1,"minecraft:cave_vines":1,"minecraft:deepslate_iron_ore":50,"minecraft:coal_ore":24,"minecraft:oak_log":20,"minecraft:sand":2,"minecraft:dirt":1,"minecraft:smooth_basalt":3,"minecraft:stone":26,"minecraft:deepslate":85},"minecraft:killed":{"minecraft:husk":9,"minecraft:spider":9,"minecraft:slime":9,"minecraft:creeper":3,"minecraft:skeleton":10,"minecraft:zombie":7,"minecraft:drowned":4,"minecraft:tropical_fish":2},"minecraft:dropped":{"minecraft:bread":45,"minecraft:iron_sword":1,"minecraft:moss_carpet":4,"minecraft:moss_block":1,"minecraft:sugar_cane":10,"minecraft:tuff":5,"minecraft:rotten_flesh":7,"minecraft:cobblestone":8,"minecraft:glow_berries":1,"minecraft:clay_ball":8,"minecraft:oak_planks":24,"minecraft:saddle":1,"minecraft:tropical_fish":3,"minecraft:stick":2,"create:dough":192,"minecraft:torch":30,"minecraft:oak_sapling":1,"minecraft:spider_eye":1,"minecraft:sandstone":32,"create:wheat_flour":154,"minecraft:sand":46,"minecraft:stone_pickaxe":2,"minecraft:wooden_pickaxe":1,"minecraft:smooth_basalt":3},"minecraft:custom":{"minecraft:interact_with_furnace":13,"minecraft:mob_kills":53,"minecraft:interact_with_crafting_table":20,"minecraft:leave_game":5,"minecraft:time_since_death":125121,"minecraft:climb_one_cm":1404,"minecraft:sleep_in_bed":2,"minecraft:time_since_rest":10690,"minecraft:sprint_one_cm":385690,"minecraft:damage_taken":2400,"minecraft:walk_one_cm":229355,"minecraft:drop":33,"minecraft:damage_dealt":8058,"minecraft:play_time":131155,"minecraft:swim_one_cm":15432,"minecraft:fly_one_cm":528702,"minecraft:crouch_one_cm":1223,"minecraft:sneak_time":2550,"minecraft:open_chest":24,"minecraft:deaths":1,"minecraft:walk_under_water_one_cm":9537,"minecraft:jump":2875,"minecraft:walk_on_water_one_cm":42910,"minecraft:total_world_time":131155,"minecraft:fall_one_cm":82925},"minecraft:crafted":{"minecraft:oak_planks":24,"minecraft:crafting_table":3,"minecraft:iron_sword":1,"minecraft:furnace":2,"minecraft:bread":48,"minecraft:air":0,"minecraft:diamond_pickaxe":1,"minecraft:iron_axe":1,"minecraft:stick":28,"minecraft:iron_ingot":42,"minecraft:iron_pickaxe":2,"minecraft:stone_pickaxe":3,"minecraft:chest":1,"minecraft:iron_shovel":1,"minecraft:torch":56,"minecraft:wheat":144}},"DataVersion":3465}