{"stats":{"minecraft:broken":{"minecraft:iron_pickaxe":1},"minecraft:killed":{"minecraft:husk":3,"minecraft:spider":3,"minecraft:creeper":1,"minecraft:slime":9,"minecraft:skeleton":10,"minecraft:zombie":5,"minecraft:drowned":1,"minecraft:tropical_fish":2},"minecraft:crafted":{"minecraft:crafting_table":3,"minecraft:iron_sword":1,"minecraft:furnace":2,"minecraft:bread":48,"minecraft:air":0,"minecraft:diamond_pickaxe":1,"minecraft:stick":20,"minecraft:iron_ingot":42,"minecraft:iron_pickaxe":2,"minecraft:stone_pickaxe":3,"minecraft:torch":44,"minecraft:wheat":144},"minecraft:custom":{"minecraft:interact_with_furnace":12,"minecraft:mob_kills":34,"minecraft:interact_with_crafting_table":16,"minecraft:time_since_death":92567,"minecraft:sleep_in_bed":1,"minecraft:climb_one_cm":1404,"minecraft:time_since_rest":42681,"minecraft:sprint_one_cm":340448,"minecraft:damage_taken":1890,"minecraft:walk_one_cm":193872,"minecraft:drop":31,"minecraft:damage_dealt":4491,"minecraft:swim_one_cm":8683,"minecraft:fly_one_cm":455323,"minecraft:open_chest":20,"minecraft:crouch_one_cm":1223,"minecraft:sneak_time":2550,"minecraft:play_time":98601,"minecraft:deaths":1,"minecraft:walk_under_water_one_cm":7602,"minecraft:jump":2517,"minecraft:walk_on_water_one_cm":40080,"minecraft:total_world_time":98601,"minecraft:fall_one_cm":75794},"minecraft:dropped":{"minecraft:bread":45,"minecraft:moss_carpet":4,"minecraft:moss_block":1,"minecraft:sugar_cane":10,"minecraft:tuff":5,"minecraft:cobblestone":8,"minecraft:glow_berries":1,"minecraft:rotten_flesh":7,"minecraft:clay_ball":8,"minecraft:oak_planks":24,"minecraft:saddle":1,"minecraft:tropical_fish":3,"minecraft:stick":2,"create:dough":192,"minecraft:torch":30,"create:wheat_flour":154,"minecraft:spider_eye":1,"minecraft:sandstone":32,"minecraft:sand":46,"minecraft:stone_pickaxe":2,"minecraft:wooden_pickaxe":1,"minecraft:smooth_basalt":3},"minecraft:mined":{"minecraft:deepslate_redstone_ore":16,"create:deepslate_zinc_ore":64,"minecraft:tuff":14,"minecraft:deepslate_diamond_ore":13,"minecraft:obsidian":7,"minecraft:clay":2,"minecraft:crafting_table":1,"minecraft:potted_dead_bush":1,"minecraft:granite":7,"minecraft:calcite":4,"minecraft:dead_bush":3,"minecraft:cobblestone":1,"vs_clockwork:wanderlite_deepslate_ore":10,"minecraft:deepslate_gold_ore":38,"minecraft:moss_block":12,"minecraft:sugar_cane":3,"minecraft:diorite":17,"minecraft:sandstone":1,"minecraft:wall_torch":1,"minecraft:hay_block":6,"minecraft:lime_bed":1,"minecraft:redstone_ore":1,"minecraft:cobbled_deepslate":3,"minecraft:iron_ore":28,"minecraft:deepslate_lapis_ore":8,"minecraft:grass":1,"minecraft:cave_vines":1,"minecraft:coal_ore":24,"minecraft:deepslate_iron_ore":50,"minecraft:sand":2,"minecraft:smooth_basalt":3,"minecraft:stone":26,"minecraft:deepslate":85},"minecraft:picked_up":{"minecraft:lime_bed":2,"minecraft:crafting_table":2,"minecraft:flower_pot":2,"minecraft:clay_ball":8,"minecraft:wooden_pickaxe":3,"minecraft:tuff":16,"create:raw_zinc":64,"minecraft:gunpowder":2,"minecraft:lapis_lazuli":47,"minecraft:string":4,"minecraft:moss_carpet":4,"minecraft:smooth_sandstone":6,"minecraft:bone":14,"minecraft:bow":1,"minecraft:cobbled_deepslate":91,"minecraft:raw_gold":38,"minecraft:stone_pickaxe":2,"minecraft:iron_pickaxe":1,"minecraft:calcite":4,"vs_clockwork:wanderlite_crystal":10,"minecraft:moss_block":13,"minecraft:sugar_cane":20,"minecraft:oak_planks":48,"minecraft:furnace":1,"minecraft:stick":7,"minecraft:raw_iron":83,"minecraft:sandstone":37,"minecraft:smooth_basalt":3,"create:dough":192,"minecraft:torch":31,"minecraft:sand":49,"minecraft:diorite":31,"minecraft:dead_bush":1,"minecraft:redstone":62,"minecraft:spider_eye":1,"create:wheat_flour":154,"minecraft:slime_ball":3,"minecraft:stone_sword":1,"minecraft:arrow":10,"minecraft:rotten_flesh":7,"minecraft:diamond":13,"minecraft:tropical_fish":4,"minecraft:hay_block":16,"minecraft:granite":5,"minecraft:bread":89,"minecraft:oak_sapling":3,"minecraft:glow_berries":1,"minecraft:obsidian":7,"minecraft:coal":22,"minecraft:cobblestone":57},"minecraft:used":{"minecraft:moss_block":4,"minecraft:water_bucket":4,"minecraft:diorite":3,"minecraft:stone_sword":85,"minecraft:dead_bush":1,"minecraft:tropical_fish":1,"minecraft:stone_pickaxe":136,"minecraft:wooden_pickaxe":13,"minecraft:iron_sword":10,"minecraft:torch":40,"minecraft:lime_bed":1,"minecraft:crafting_table":5,"minecraft:obsidian":10,"minecraft:axolotl_bucket":5,"minecraft:granite":5,"minecraft:diamond_pickaxe":13,"minecraft:bread":39,"minecraft:iron_pickaxe":283,"minecraft:cobblestone":20,"minecraft:furnace":3,"minecraft:bucket":10,"minecraft:cobbled_deepslate":77}},"DataVersion":3465}