{"stats":{"minecraft:broken":{"minecraft:iron_pickaxe":1},"minecraft:killed":{"minecraft:spider":3,"minecraft:creeper":1,"minecraft:slime":9,"minecraft:skeleton":9,"minecraft:zombie":4,"minecraft:drowned":1,"minecraft:tropical_fish":2},"minecraft:crafted":{"minecraft:crafting_table":3,"minecraft:furnace":2,"minecraft:bread":48,"minecraft:air":0,"minecraft:diamond_pickaxe":1,"minecraft:stick":20,"minecraft:iron_ingot":6,"minecraft:iron_pickaxe":2,"minecraft:stone_pickaxe":3,"minecraft:torch":44,"minecraft:wheat":144},"minecraft:custom":{"minecraft:interact_with_furnace":9,"minecraft:mob_kills":29,"minecraft:interact_with_crafting_table":13,"minecraft:time_since_death":74567,"minecraft:sleep_in_bed":1,"minecraft:climb_one_cm":1404,"minecraft:time_since_rest":24681,"minecraft:sprint_one_cm":295658,"minecraft:damage_taken":1625,"minecraft:walk_one_cm":167922,"minecraft:drop":24,"minecraft:damage_dealt":4044,"minecraft:swim_one_cm":8683,"minecraft:fly_one_cm":344976,"minecraft:open_chest":12,"minecraft:crouch_one_cm":423,"minecraft:sneak_time":1133,"minecraft:play_time":80601,"minecraft:deaths":1,"minecraft:walk_under_water_one_cm":7602,"minecraft:jump":2098,"minecraft:walk_on_water_one_cm":37784,"minecraft:total_world_time":80601,"minecraft:fall_one_cm":60419},"minecraft:dropped":{"minecraft:bread":45,"minecraft:moss_carpet":4,"minecraft:sugar_cane":10,"minecraft:tuff":5,"minecraft:cobblestone":8,"minecraft:glow_berries":1,"minecraft:rotten_flesh":7,"minecraft:clay_ball":8,"minecraft:oak_planks":24,"minecraft:saddle":1,"minecraft:tropical_fish":3,"minecraft:stick":2,"minecraft:torch":30,"minecraft:spider_eye":1,"minecraft:sandstone":32,"minecraft:sand":46,"minecraft:stone_pickaxe":2,"minecraft:wooden_pickaxe":1,"minecraft:smooth_basalt":3},"minecraft:mined":{"minecraft:deepslate_redstone_ore":16,"create:deepslate_zinc_ore":64,"minecraft:tuff":14,"minecraft:deepslate_diamond_ore":13,"minecraft:clay":2,"minecraft:crafting_table":1,"minecraft:potted_dead_bush":1,"minecraft:granite":7,"minecraft:calcite":4,"minecraft:dead_bush":3,"minecraft:cobblestone":1,"vs_clockwork:wanderlite_deepslate_ore":10,"minecraft:deepslate_gold_ore":38,"minecraft:moss_block":12,"minecraft:sugar_cane":3,"minecraft:diorite":17,"minecraft:wall_torch":1,"minecraft:hay_block":6,"minecraft:lime_bed":1,"minecraft:redstone_ore":1,"minecraft:cobbled_deepslate":3,"minecraft:iron_ore":28,"minecraft:deepslate_lapis_ore":8,"minecraft:grass":1,"minecraft:cave_vines":1,"minecraft:coal_ore":24,"minecraft:deepslate_iron_ore":50,"minecraft:smooth_basalt":3,"minecraft:stone":23,"minecraft:deepslate":85},"minecraft:used":{"minecraft:water_bucket":1,"minecraft:diorite":3,"minecraft:stone_sword":84,"minecraft:dead_bush":1,"minecraft:tropical_fish":1,"minecraft:stone_pickaxe":136,"minecraft:wooden_pickaxe":13,"minecraft:torch":40,"minecraft:lime_bed":1,"minecraft:crafting_table":5,"minecraft:axolotl_bucket":3,"minecraft:granite":5,"minecraft:bread":34,"minecraft:iron_pickaxe":283,"minecraft:cobblestone":17,"minecraft:furnace":3,"minecraft:bucket":5,"minecraft:cobbled_deepslate":77},"minecraft:picked_up":{"minecraft:lime_bed":2,"minecraft:crafting_table":2,"minecraft:flower_pot":2,"minecraft:clay_ball":8,"minecraft:wooden_pickaxe":3,"minecraft:tuff":16,"create:raw_zinc":64,"minecraft:gunpowder":2,"minecraft:lapis_lazuli":47,"minecraft:string":4,"minecraft:moss_carpet":4,"minecraft:smooth_sandstone":6,"minecraft:bone":13,"minecraft:bow":1,"minecraft:cobbled_deepslate":91,"minecraft:raw_gold":38,"minecraft:stone_pickaxe":2,"minecraft:iron_pickaxe":1,"minecraft:calcite":4,"vs_clockwork:wanderlite_crystal":10,"minecraft:moss_block":12,"minecraft:sugar_cane":20,"minecraft:oak_planks":48,"minecraft:furnace":1,"minecraft:stick":7,"minecraft:raw_iron":83,"minecraft:sandstone":36,"minecraft:smooth_basalt":3,"minecraft:torch":31,"minecraft:sand":46,"minecraft:diorite":31,"minecraft:dead_bush":1,"minecraft:redstone":62,"minecraft:spider_eye":1,"minecraft:slime_ball":3,"minecraft:stone_sword":1,"minecraft:arrow":10,"minecraft:rotten_flesh":3,"minecraft:diamond":13,"minecraft:tropical_fish":4,"minecraft:hay_block":16,"minecraft:granite":5,"minecraft:bread":89,"minecraft:oak_sapling":3,"minecraft:glow_berries":1,"minecraft:coal":22,"minecraft:cobblestone":54}},"DataVersion":3465}