{"stats":{"minecraft:custom":{"minecraft:jump":33,"minecraft:time_since_rest":5245,"minecraft:leave_game":1,"minecraft:damage_dealt":19,"minecraft:crouch_one_cm":705,"minecraft:damage_taken":105,"minecraft:sprint_one_cm":2867,"minecraft:play_time":5245,"minecraft:walk_on_water_one_cm":2041,"minecraft:time_since_death":5245,"minecraft:walk_one_cm":2987,"minecraft:sneak_time":237,"minecraft:total_world_time":5245,"minecraft:walk_under_water_one_cm":1341,"minecraft:swim_one_cm":7671,"minecraft:fall_one_cm":604,"minecraft:fly_one_cm":2004},"minecraft:mined":{"minecraft:sand":14},"minecraft:used":{"minecraft:sand":14},"minecraft:picked_up":{"minecraft:sand":14}},"DataVersion":3465}