{"stats":{"minecraft:killed":{"minecraft:drowned":1},"minecraft:crafted":{"minecraft:wooden_sword":1,"minecraft:oak_planks":32,"minecraft:crafting_table":1,"minecraft:stick":4},"minecraft:custom":{"minecraft:open_chest":1,"minecraft:time_since_rest":8916,"minecraft:crouch_one_cm":773,"minecraft:sprint_one_cm":6852,"minecraft:play_time":8916,"minecraft:damage_taken":105,"minecraft:walk_one_cm":9600,"minecraft:sneak_time":515,"minecraft:walk_under_water_one_cm":1616,"minecraft:mob_kills":1,"minecraft:jump":57,"minecraft:damage_dealt":209,"minecraft:leave_game":2,"minecraft:walk_on_water_one_cm":3126,"minecraft:time_since_death":8916,"minecraft:total_world_time":8916,"minecraft:fish_caught":1,"minecraft:interact_with_crafting_table":2,"minecraft:swim_one_cm":10103,"minecraft:fall_one_cm":604,"minecraft:fly_one_cm":3317},"minecraft:mined":{"minecraft:oak_log":8,"minecraft:flowering_azalea_leaves":3,"minecraft:sand":17,"minecraft:suspicious_sand":1,"minecraft:azalea_leaves":8},"minecraft:used":{"minecraft:fishing_rod":2,"minecraft:wooden_sword":8,"minecraft:sand":14,"minecraft:crafting_table":1},"minecraft:picked_up":{"minecraft:pufferfish":1,"minecraft:rotten_flesh":2,"minecraft:copper_ingot":1,"minecraft:sand":18,"minecraft:oak_log":8,"minecraft:flowering_azalea":1}},"DataVersion":3465}