{"stats":{"minecraft:killed":{"minecraft:zombie":1},"minecraft:broken":{"minecraft:stone_pickaxe":1},"minecraft:custom":{"minecraft:mob_kills":1,"minecraft:interact_with_crafting_table":11,"minecraft:open_barrel":4,"minecraft:leave_game":5,"minecraft:time_since_death":0,"minecraft:sleep_in_bed":2,"minecraft:climb_one_cm":201,"minecraft:time_since_rest":62,"minecraft:sprint_one_cm":137363,"minecraft:damage_taken":2081,"minecraft:walk_one_cm":175784,"minecraft:drop":23,"minecraft:damage_dealt":296,"minecraft:swim_one_cm":12702,"minecraft:fly_one_cm":380576,"minecraft:open_chest":2,"minecraft:crouch_one_cm":713,"minecraft:play_time":68345,"minecraft:deaths":7,"minecraft:sneak_time":537,"minecraft:walk_under_water_one_cm":12992,"minecraft:jump":1903,"minecraft:walk_on_water_one_cm":18578,"minecraft:total_world_time":68345,"minecraft:fall_one_cm":69856},"minecraft:crafted":{"minecraft:oak_planks":4,"minecraft:stone_shovel":1,"minecraft:crafting_table":1,"minecraft:wooden_pickaxe":1,"minecraft:furnace":1,"minecraft:cobblestone_stairs":36,"minecraft:bread":67,"minecraft:stone_pickaxe":3,"minecraft:stone_sword":1,"minecraft:torch":32,"minecraft:wheat":198},"minecraft:dropped":{"minecraft:bread":14,"minecraft:oak_log":9,"minecraft:obsidian":3,"minecraft:stick":5,"minecraft:gold_nugget":48},"minecraft:mined":{"minecraft:melon_stem":1,"minecraft:smooth_sandstone":6,"minecraft:crafting_table":3,"minecraft:granite":9,"minecraft:grass_block":26,"minecraft:chest":1,"minecraft:dead_bush":22,"minecraft:sugar_cane":1,"minecraft:moss_block":2,"minecraft:diorite":9,"minecraft:sandstone":117,"minecraft:hay_block":32,"minecraft:lime_bed":1,"minecraft:iron_ore":5,"minecraft:wheat":18,"minecraft:oak_log":10,"minecraft:coal_ore":26,"minecraft:beetroots":4,"minecraft:sand":59,"minecraft:dirt":6,"minecraft:stone":81,"minecraft:oak_leaves":77,"minecraft:green_bed":2},"minecraft:killed_by":{"minecraft:husk":1,"minecraft:player":1},"minecraft:used":{"minecraft:diorite":2,"minecraft:cobblestone_stairs":36,"minecraft:flint_and_steel":20,"minecraft:stone_shovel":4,"minecraft:stone_pickaxe":264,"minecraft:wooden_pickaxe":38,"minecraft:sandstone":66,"minecraft:green_bed":1,"minecraft:torch":9,"minecraft:sand":12,"minecraft:dirt":11,"minecraft:crafting_table":2,"minecraft:golden_chestplate":1,"minecraft:granite":1,"minecraft:apple":2,"minecraft:bread":11,"minecraft:oak_sapling":6},"minecraft:picked_up":{"minecraft:lime_bed":2,"minecraft:crafting_table":5,"minecraft:wheat":3,"minecraft:wooden_pickaxe":1,"minecraft:oak_log":10,"minecraft:dirt":74,"minecraft:flint_and_steel":2,"minecraft:smooth_sandstone":6,"minecraft:apple":2,"minecraft:beetroot":9,"minecraft:wheat_seeds":30,"minecraft:gold_nugget":24,"minecraft:stone_pickaxe":4,"minecraft:chest":3,"minecraft:sugar_cane":2,"minecraft:moss_block":1,"minecraft:oak_planks":51,"minecraft:stick":33,"minecraft:raw_iron":7,"minecraft:sandstone":316,"minecraft:torch":31,"minecraft:green_bed":3,"minecraft:sand":146,"minecraft:golden_axe":1,"minecraft:diorite":43,"minecraft:dead_bush":6,"minecraft:golden_chestplate":1,"minecraft:stone_shovel":2,"minecraft:stone_sword":1,"minecraft:cactus":6,"minecraft:rotten_flesh":2,"minecraft:beetroot_seeds":20,"minecraft:hay_block":32,"minecraft:granite":17,"minecraft:emerald":2,"minecraft:bread":63,"minecraft:oak_sapling":6,"minecraft:melon_seeds":4,"minecraft:coal":29,"minecraft:cobblestone":109}},"DataVersion":3465}