{"stats":{"minecraft:killed":{"minecraft:zombie":1},"minecraft:crafted":{"minecraft:wooden_pickaxe":1,"minecraft:stone_pickaxe":1,"minecraft:stone_sword":1,"minecraft:furnace":1,"minecraft:torch":32,"minecraft:bread":30,"minecraft:wheat":90},"minecraft:custom":{"minecraft:time_since_rest":12787,"minecraft:sprint_one_cm":94173,"minecraft:damage_taken":1275,"minecraft:walk_one_cm":56798,"minecraft:mob_kills":1,"minecraft:drop":5,"minecraft:damage_dealt":215,"minecraft:swim_one_cm":11524,"minecraft:interact_with_crafting_table":6,"minecraft:fly_one_cm":254383,"minecraft:open_barrel":4,"minecraft:play_time":35787,"minecraft:crouch_one_cm":713,"minecraft:deaths":4,"minecraft:sneak_time":341,"minecraft:walk_under_water_one_cm":985,"minecraft:jump":1063,"minecraft:leave_game":2,"minecraft:time_since_death":12753,"minecraft:walk_on_water_one_cm":7848,"minecraft:total_world_time":35787,"minecraft:climb_one_cm":201,"minecraft:fall_one_cm":48771},"minecraft:dropped":{"minecraft:stick":5},"minecraft:mined":{"minecraft:hay_block":20,"minecraft:lime_bed":1,"minecraft:iron_ore":5,"minecraft:smooth_sandstone":6,"minecraft:crafting_table":1,"minecraft:grass_block":26,"minecraft:oak_log":10,"minecraft:coal_ore":26,"minecraft:dead_bush":22,"minecraft:sand":26,"minecraft:dirt":1,"minecraft:stone":22,"minecraft:sugar_cane":1,"minecraft:moss_block":2,"minecraft:oak_leaves":77,"minecraft:sandstone":12},"minecraft:used":{"minecraft:diorite":2,"minecraft:apple":2,"minecraft:stone_pickaxe":48,"minecraft:bread":4,"minecraft:wooden_pickaxe":38,"minecraft:sandstone":13,"minecraft:torch":9,"minecraft:sand":11},"minecraft:picked_up":{"minecraft:raw_iron":7,"minecraft:stick":31,"minecraft:lime_bed":2,"minecraft:crafting_table":1,"minecraft:sandstone":45,"minecraft:torch":31,"minecraft:wooden_pickaxe":1,"minecraft:sand":49,"minecraft:oak_log":10,"minecraft:diorite":16,"minecraft:dirt":27,"minecraft:stone_sword":1,"minecraft:smooth_sandstone":6,"minecraft:rotten_flesh":2,"minecraft:apple":2,"minecraft:hay_block":20,"minecraft:stone_pickaxe":2,"minecraft:bread":63,"minecraft:sugar_cane":2,"minecraft:oak_sapling":6,"minecraft:moss_block":1,"minecraft:oak_planks":51,"minecraft:coal":29,"minecraft:cobblestone":44}},"DataVersion":3465}