{"stats":{"minecraft:killed":{"minecraft:zombie":1},"minecraft:custom":{"minecraft:mob_kills":1,"minecraft:interact_with_crafting_table":7,"minecraft:open_barrel":4,"minecraft:leave_game":2,"minecraft:time_since_death":24753,"minecraft:climb_one_cm":201,"minecraft:time_since_rest":24787,"minecraft:sprint_one_cm":98880,"minecraft:damage_taken":1380,"minecraft:walk_one_cm":149120,"minecraft:drop":23,"minecraft:damage_dealt":225,"minecraft:swim_one_cm":11524,"minecraft:fly_one_cm":287283,"minecraft:open_chest":1,"minecraft:crouch_one_cm":713,"minecraft:play_time":47787,"minecraft:deaths":4,"minecraft:sneak_time":535,"minecraft:walk_under_water_one_cm":11167,"minecraft:jump":1401,"minecraft:walk_on_water_one_cm":14894,"minecraft:total_world_time":47787,"minecraft:fall_one_cm":56868},"minecraft:crafted":{"minecraft:oak_planks":4,"minecraft:crafting_table":1,"minecraft:wooden_pickaxe":1,"minecraft:furnace":1,"minecraft:bread":67,"minecraft:stone_pickaxe":1,"minecraft:stone_sword":1,"minecraft:torch":32,"minecraft:wheat":198},"minecraft:dropped":{"minecraft:bread":14,"minecraft:oak_log":9,"minecraft:obsidian":3,"minecraft:stick":5,"minecraft:gold_nugget":48},"minecraft:mined":{"minecraft:melon_stem":1,"minecraft:smooth_sandstone":6,"minecraft:crafting_table":2,"minecraft:grass_block":26,"minecraft:dead_bush":22,"minecraft:moss_block":2,"minecraft:sugar_cane":1,"minecraft:sandstone":12,"minecraft:hay_block":32,"minecraft:lime_bed":1,"minecraft:iron_ore":5,"minecraft:wheat":18,"minecraft:coal_ore":26,"minecraft:oak_log":10,"minecraft:beetroots":4,"minecraft:sand":26,"minecraft:dirt":2,"minecraft:stone":22,"minecraft:oak_leaves":77},"minecraft:used":{"minecraft:diorite":2,"minecraft:stone_pickaxe":48,"minecraft:wooden_pickaxe":38,"minecraft:sandstone":13,"minecraft:torch":9,"minecraft:sand":11,"minecraft:dirt":10,"minecraft:crafting_table":1,"minecraft:golden_chestplate":1,"minecraft:apple":2,"minecraft:bread":8,"minecraft:oak_sapling":6},"minecraft:picked_up":{"minecraft:lime_bed":2,"minecraft:crafting_table":2,"minecraft:wheat":3,"minecraft:wooden_pickaxe":1,"minecraft:oak_log":10,"minecraft:dirt":28,"minecraft:smooth_sandstone":6,"minecraft:apple":2,"minecraft:beetroot":3,"minecraft:wheat_seeds":30,"minecraft:gold_nugget":24,"minecraft:stone_pickaxe":2,"minecraft:moss_block":1,"minecraft:sugar_cane":2,"minecraft:oak_planks":51,"minecraft:stick":31,"minecraft:raw_iron":7,"minecraft:sandstone":45,"minecraft:torch":31,"minecraft:sand":49,"minecraft:diorite":16,"minecraft:stone_sword":1,"minecraft:rotten_flesh":2,"minecraft:beetroot_seeds":10,"minecraft:hay_block":32,"minecraft:bread":63,"minecraft:oak_sapling":6,"minecraft:melon_seeds":2,"minecraft:coal":29,"minecraft:cobblestone":44}},"DataVersion":3465}