{"stats":{"minecraft:crafted":{"minecraft:wooden_pickaxe":1,"minecraft:stone_pickaxe":1,"minecraft:stone_sword":1,"minecraft:furnace":1,"minecraft:torch":32,"minecraft:bread":30,"minecraft:wheat":90},"minecraft:custom":{"minecraft:time_since_rest":2488,"minecraft:sprint_one_cm":39067,"minecraft:damage_taken":545,"minecraft:walk_one_cm":26136,"minecraft:drop":5,"minecraft:interact_with_crafting_table":6,"minecraft:fly_one_cm":56714,"minecraft:open_barrel":4,"minecraft:deaths":1,"minecraft:play_time":12312,"minecraft:jump":244,"minecraft:leave_game":1,"minecraft:time_since_death":2455,"minecraft:total_world_time":12312,"minecraft:fall_one_cm":13558},"minecraft:dropped":{"minecraft:stick":5},"minecraft:mined":{"minecraft:hay_block":20,"minecraft:lime_bed":1,"minecraft:iron_ore":1,"minecraft:smooth_sandstone":6,"minecraft:crafting_table":1,"minecraft:coal_ore":18,"minecraft:dead_bush":22,"minecraft:sand":15,"minecraft:stone":17,"minecraft:moss_block":2,"minecraft:sandstone":12},"minecraft:used":{"minecraft:diorite":2,"minecraft:stone_pickaxe":31,"minecraft:bread":3,"minecraft:wooden_pickaxe":38,"minecraft:torch":3},"minecraft:picked_up":{"minecraft:raw_iron":3,"minecraft:lime_bed":1,"minecraft:stick":23,"minecraft:crafting_table":1,"minecraft:sandstone":16,"minecraft:torch":1,"minecraft:sand":15,"minecraft:diorite":16,"minecraft:smooth_sandstone":6,"minecraft:hay_block":20,"minecraft:stone_pickaxe":1,"minecraft:bread":18,"minecraft:oak_planks":27,"minecraft:coal":19,"minecraft:cobblestone":36}},"DataVersion":3465}