{"stats":{"minecraft:killed":{"minecraft:husk":2,"minecraft:zombie":2},"minecraft:broken":{"minecraft:stone_pickaxe":1},"minecraft:custom":{"minecraft:mob_kills":4,"minecraft:interact_with_crafting_table":12,"minecraft:open_barrel":4,"minecraft:leave_game":5,"minecraft:time_since_death":6142,"minecraft:sleep_in_bed":3,"minecraft:climb_one_cm":201,"minecraft:time_since_rest":6520,"minecraft:sprint_one_cm":153122,"minecraft:damage_taken":2371,"minecraft:walk_one_cm":186534,"minecraft:drop":23,"minecraft:damage_dealt":888,"minecraft:swim_one_cm":14027,"minecraft:fly_one_cm":425978,"minecraft:open_chest":2,"minecraft:play_time":77036,"minecraft:crouch_one_cm":713,"minecraft:sneak_time":537,"minecraft:deaths":8,"minecraft:walk_under_water_one_cm":14544,"minecraft:jump":2060,"minecraft:walk_on_water_one_cm":26192,"minecraft:total_world_time":77036,"minecraft:fall_one_cm":78438},"minecraft:crafted":{"minecraft:oak_planks":24,"minecraft:stone_shovel":1,"minecraft:crafting_table":1,"minecraft:wooden_pickaxe":1,"minecraft:furnace":1,"minecraft:cobblestone_stairs":36,"minecraft:bread":67,"minecraft:stick":16,"minecraft:iron_pickaxe":1,"minecraft:stone_pickaxe":3,"minecraft:stone_sword":1,"minecraft:torch":32,"minecraft:wheat":198},"minecraft:dropped":{"minecraft:bread":14,"minecraft:oak_log":9,"minecraft:obsidian":3,"minecraft:stick":5,"minecraft:gold_nugget":48},"minecraft:mined":{"minecraft:melon_stem":1,"minecraft:smooth_sandstone":6,"minecraft:crafting_table":3,"minecraft:granite":9,"minecraft:grass_block":26,"minecraft:poppy":1,"minecraft:chest":1,"minecraft:dead_bush":22,"minecraft:sugar_cane":1,"minecraft:moss_block":2,"minecraft:diorite":9,"minecraft:sandstone":117,"minecraft:hay_block":32,"minecraft:lime_bed":1,"minecraft:iron_ore":5,"minecraft:wheat":18,"minecraft:oak_log":29,"minecraft:coal_ore":26,"minecraft:beetroots":4,"minecraft:sand":59,"minecraft:dirt":6,"minecraft:stone":81,"minecraft:oak_leaves":83,"minecraft:green_bed":2},"minecraft:killed_by":{"minecraft:husk":1,"minecraft:player":1,"minecraft:zombie":1},"minecraft:used":{"minecraft:diorite":2,"minecraft:cobblestone_stairs":36,"minecraft:flint_and_steel":34,"minecraft:stone_shovel":4,"minecraft:stone_pickaxe":264,"minecraft:poppy":1,"minecraft:wooden_pickaxe":38,"minecraft:sandstone":66,"minecraft:green_bed":1,"minecraft:torch":9,"minecraft:sand":12,"minecraft:dirt":16,"minecraft:crafting_table":2,"minecraft:golden_chestplate":1,"minecraft:granite":1,"minecraft:apple":2,"minecraft:bread":11,"minecraft:oak_sapling":10},"minecraft:picked_up":{"minecraft:lime_bed":2,"minecraft:crafting_table":7,"minecraft:wheat":3,"minecraft:wooden_pickaxe":1,"minecraft:oak_log":32,"minecraft:dirt":116,"minecraft:flint_and_steel":4,"minecraft:smooth_sandstone":6,"minecraft:apple":3,"minecraft:beetroot":9,"minecraft:wheat_seeds":30,"minecraft:gold_nugget":24,"minecraft:iron_ingot":3,"minecraft:stone_pickaxe":4,"minecraft:poppy":2,"minecraft:chest":5,"minecraft:sugar_cane":2,"minecraft:moss_block":1,"minecraft:oak_planks":51,"minecraft:stick":36,"minecraft:raw_iron":7,"minecraft:sandstone":444,"minecraft:torch":31,"minecraft:green_bed":3,"minecraft:sand":210,"minecraft:golden_axe":1,"minecraft:diorite":61,"minecraft:dead_bush":12,"minecraft:golden_chestplate":1,"minecraft:stone_sword":1,"minecraft:cactus":12,"minecraft:rotten_flesh":8,"minecraft:stone_shovel":4,"minecraft:beetroot_seeds":20,"minecraft:hay_block":32,"minecraft:granite":17,"minecraft:saddle":1,"minecraft:emerald":4,"minecraft:bread":63,"minecraft:oak_sapling":10,"minecraft:melon_seeds":4,"minecraft:coal":29,"minecraft:cobblestone":109}},"DataVersion":3465}