{"stats":{"minecraft:killed":{"minecraft:husk":2,"minecraft:zombie":2},"minecraft:broken":{"minecraft:stone_pickaxe":1},"minecraft:custom":{"minecraft:mob_kills":4,"minecraft:interact_with_crafting_table":12,"minecraft:open_barrel":4,"minecraft:leave_game":5,"minecraft:time_since_death":24142,"minecraft:sleep_in_bed":3,"minecraft:climb_one_cm":1598,"minecraft:time_since_rest":24520,"minecraft:sprint_one_cm":189103,"minecraft:damage_taken":2601,"minecraft:walk_one_cm":210547,"minecraft:drop":23,"minecraft:damage_dealt":888,"minecraft:swim_one_cm":17632,"minecraft:fly_one_cm":510505,"minecraft:open_chest":2,"minecraft:play_time":95036,"minecraft:crouch_one_cm":713,"minecraft:sneak_time":552,"minecraft:deaths":8,"minecraft:walk_under_water_one_cm":15839,"minecraft:jump":2501,"minecraft:walk_on_water_one_cm":36290,"minecraft:total_world_time":95036,"minecraft:fall_one_cm":93251,"minecraft:horse_one_cm":43879},"minecraft:crafted":{"minecraft:oak_planks":24,"minecraft:stone_shovel":1,"minecraft:crafting_table":1,"minecraft:wooden_pickaxe":1,"minecraft:furnace":1,"minecraft:cobblestone_stairs":36,"minecraft:bread":67,"minecraft:stick":16,"minecraft:iron_pickaxe":1,"minecraft:stone_pickaxe":3,"minecraft:stone_sword":1,"minecraft:torch":88,"minecraft:wheat":198},"minecraft:dropped":{"minecraft:bread":14,"minecraft:oak_log":9,"minecraft:obsidian":3,"minecraft:stick":5,"minecraft:gold_nugget":48},"minecraft:killed_by":{"minecraft:husk":1,"minecraft:player":1,"minecraft:zombie":1},"minecraft:mined":{"create:zinc_ore":30,"minecraft:deepslate_redstone_ore":2,"minecraft:melon_stem":1,"minecraft:clay":1,"minecraft:smooth_sandstone":6,"minecraft:crafting_table":3,"minecraft:cave_vines_plant":1,"minecraft:granite":9,"minecraft:grass_block":26,"minecraft:poppy":1,"minecraft:chest":1,"minecraft:dead_bush":22,"minecraft:copper_ore":18,"minecraft:deepslate_gold_ore":1,"minecraft:sugar_cane":12,"minecraft:moss_block":4,"minecraft:diorite":9,"minecraft:sandstone":127,"minecraft:hay_block":32,"minecraft:lime_bed":1,"minecraft:redstone_ore":5,"minecraft:iron_ore":30,"minecraft:wheat":18,"minecraft:vine":1,"minecraft:oak_log":36,"minecraft:coal_ore":40,"minecraft:beetroots":4,"minecraft:sand":59,"minecraft:dirt":6,"minecraft:stone":84,"minecraft:oak_leaves":113,"minecraft:deepslate":1,"minecraft:green_bed":2},"minecraft:used":{"minecraft:diorite":2,"minecraft:cobblestone_stairs":36,"minecraft:flint_and_steel":34,"minecraft:stone_shovel":4,"minecraft:stone_pickaxe":264,"minecraft:poppy":1,"minecraft:wooden_pickaxe":38,"minecraft:sandstone":78,"minecraft:sugar_cane":16,"minecraft:green_bed":1,"minecraft:torch":12,"minecraft:sand":12,"minecraft:dirt":32,"minecraft:crafting_table":2,"minecraft:golden_chestplate":1,"minecraft:granite":1,"minecraft:apple":9,"minecraft:bread":11,"minecraft:iron_pickaxe":114,"minecraft:oak_sapling":26},"minecraft:picked_up":{"minecraft:lime_bed":2,"minecraft:crafting_table":7,"minecraft:wheat":3,"minecraft:clay_ball":4,"minecraft:wooden_pickaxe":1,"create:raw_zinc":30,"minecraft:oak_log":39,"minecraft:dirt":116,"minecraft:raw_copper":63,"minecraft:flint_and_steel":4,"minecraft:smooth_sandstone":6,"minecraft:apple":9,"minecraft:beetroot":9,"minecraft:wheat_seeds":30,"minecraft:gold_nugget":24,"minecraft:cobbled_deepslate":1,"minecraft:raw_gold":1,"minecraft:iron_ingot":3,"minecraft:stone_pickaxe":4,"minecraft:poppy":2,"minecraft:chest":5,"minecraft:sugar_cane":18,"minecraft:moss_block":3,"minecraft:oak_planks":51,"minecraft:stick":45,"minecraft:raw_iron":32,"minecraft:sandstone":454,"minecraft:torch":31,"minecraft:green_bed":3,"minecraft:sand":210,"minecraft:golden_axe":1,"minecraft:diorite":61,"minecraft:dead_bush":12,"minecraft:redstone":31,"minecraft:golden_chestplate":1,"minecraft:stone_sword":1,"minecraft:cactus":12,"minecraft:rotten_flesh":8,"minecraft:stone_shovel":4,"minecraft:tropical_fish":1,"minecraft:beetroot_seeds":20,"minecraft:hay_block":32,"minecraft:granite":17,"minecraft:saddle":1,"minecraft:emerald":4,"minecraft:bread":63,"minecraft:oak_sapling":26,"minecraft:glow_berries":1,"minecraft:melon_seeds":4,"minecraft:coal":43,"minecraft:cobblestone":112}},"DataVersion":3465}