{"stats":{"minecraft:killed":{"minecraft:husk":4,"minecraft:spider":1,"minecraft:skeleton":3,"minecraft:zombie":1,"minecraft:tropical_fish":1},"minecraft:broken":{"minecraft:stone_pickaxe":3},"minecraft:crafted":{"minecraft:oak_planks":136,"create:andesite_alloy":31,"minecraft:stone_shovel":1,"minecraft:crafting_table":2,"minecraft:iron_nugget":63,"minecraft:wooden_pickaxe":1,"create:dough":1,"create:large_water_wheel":2,"minecraft:furnace":1,"minecraft:bone_meal":9,"minecraft:bucket":1,"minecraft:campfire":1,"minecraft:stone_axe":1,"minecraft:bread":12,"minecraft:air":0,"create:vertical_gearbox":1,"create:gearbox":1,"create:water_wheel":2,"minecraft:shield":1,"minecraft:stick":12,"create:millstone":1,"minecraft:iron_ingot":19,"minecraft:stone_pickaxe":6,"minecraft:chest":2,"create:large_cogwheel":4,"create:shaft":24,"minecraft:torch":40,"minecraft:stone_hoe":1,"create:cogwheel":13,"minecraft:wheat":144},"minecraft:custom":{"minecraft:interact_with_furnace":10,"minecraft:mob_kills":10,"minecraft:interact_with_crafting_table":29,"minecraft:open_barrel":2,"minecraft:interact_with_campfire":1,"minecraft:leave_game":6,"minecraft:time_since_death":20725,"minecraft:sleep_in_bed":4,"minecraft:climb_one_cm":250,"minecraft:time_since_rest":20768,"minecraft:sprint_one_cm":276647,"minecraft:damage_taken":930,"minecraft:walk_one_cm":198454,"minecraft:damage_blocked_by_shield":305,"minecraft:drop":16,"minecraft:damage_dealt":2052,"minecraft:swim_one_cm":54906,"minecraft:player_kills":1,"minecraft:fly_one_cm":307804,"minecraft:open_chest":13,"minecraft:deaths":1,"minecraft:crouch_one_cm":27594,"minecraft:play_time":90367,"minecraft:sneak_time":8546,"minecraft:walk_under_water_one_cm":17100,"minecraft:jump":1533,"minecraft:walk_on_water_one_cm":21989,"minecraft:total_world_time":90367,"minecraft:fall_one_cm":35540},"minecraft:dropped":{"minecraft:iron_nugget":1,"minecraft:bowl":1,"minecraft:wheat":115,"minecraft:rotten_flesh":2,"minecraft:oak_planks":54,"minecraft:granite":1,"minecraft:filled_map":1,"minecraft:azalea":1,"minecraft:sandstone":6,"minecraft:flowering_azalea":1,"minecraft:wooden_pickaxe":1,"minecraft:stone_pickaxe":1},"minecraft:mined":{"create:cogwheel":1,"create:andesite_casing":6,"minecraft:crafting_table":3,"minecraft:cave_vines_plant":1,"minecraft:granite":4,"minecraft:grass_block":37,"minecraft:dead_bush":39,"minecraft:tall_grass":7,"minecraft:cobblestone":6,"minecraft:moss_block":25,"minecraft:sugar_cane":5,"minecraft:diorite":27,"minecraft:sandstone":12,"minecraft:hay_block":18,"minecraft:cactus":4,"create:shaft":1,"minecraft:furnace":2,"minecraft:fire":1,"minecraft:iron_ore":36,"minecraft:andesite":243,"minecraft:grass":9,"minecraft:oak_log":57,"minecraft:coal_ore":38,"minecraft:flowering_azalea_leaves":6,"minecraft:sand":61,"minecraft:dirt":5,"minecraft:azalea_leaves":35,"minecraft:stone":87,"minecraft:green_bed":1,"minecraft:oak_leaves":47},"minecraft:picked_up":{"minecraft:wheat":7,"minecraft:crafting_table":3,"minecraft:clock":1,"minecraft:clay_ball":31,"minecraft:water_bucket":1,"minecraft:andesite":243,"create:andesite_alloy":19,"minecraft:oak_log":66,"minecraft:shield":1,"minecraft:string":2,"minecraft:moss_carpet":1,"minecraft:dirt":42,"minecraft:bone":4,"minecraft:wheat_seeds":31,"minecraft:gold_nugget":48,"minecraft:bucket":1,"minecraft:iron_ingot":8,"minecraft:stone_pickaxe":3,"create:shaft":8,"minecraft:azalea":1,"minecraft:stone_hoe":1,"minecraft:sugar_cane":13,"minecraft:moss_block":24,"minecraft:oak_planks":46,"minecraft:flowering_azalea":1,"minecraft:furnace":2,"minecraft:stick":60,"minecraft:raw_iron":33,"minecraft:sandstone":10,"create:cogwheel":1,"minecraft:torch":5,"minecraft:green_bed":1,"create:andesite_casing":10,"minecraft:sand":60,"minecraft:diorite":25,"minecraft:carrot":4,"minecraft:stone_shovel":1,"create:wheat_flour":64,"minecraft:stone_axe":1,"minecraft:arrow":6,"minecraft:cactus":14,"minecraft:rotten_flesh":4,"minecraft:tropical_fish":1,"minecraft:hay_block":18,"minecraft:granite":4,"minecraft:bread":44,"minecraft:oak_sapling":7,"minecraft:obsidian":3,"minecraft:coal":107,"minecraft:cobblestone":85},"minecraft:used":{"minecraft:moss_block":13,"minecraft:water_bucket":3,"minecraft:diorite":6,"minecraft:stone_shovel":53,"minecraft:stone_pickaxe":449,"minecraft:chest":2,"minecraft:wooden_pickaxe":11,"minecraft:shield":10,"minecraft:sandstone":4,"minecraft:green_bed":1,"minecraft:sugar_cane":11,"minecraft:stone_hoe":61,"minecraft:torch":35,"minecraft:dirt":14,"minecraft:sand":20,"minecraft:crafting_table":5,"create:cogwheel":11,"minecraft:campfire":1,"minecraft:granite":3,"minecraft:oak_log":6,"minecraft:suspicious_stew":1,"minecraft:bread":23,"minecraft:map":1,"create:millstone":1,"minecraft:cobblestone":27,"create:large_water_wheel":2,"minecraft:stone_axe":84,"create:shaft":1,"minecraft:hay_block":2,"minecraft:oak_sapling":2,"minecraft:furnace":3,"minecraft:bucket":4,"create:vertical_gearbox":1,"minecraft:bone_meal":9,"create:large_cogwheel":4}},"DataVersion":3465}