{"stats":{"minecraft:killed":{"minecraft:husk":4,"minecraft:skeleton":2,"minecraft:zombie":1,"minecraft:tropical_fish":1},"minecraft:broken":{"minecraft:stone_pickaxe":3},"minecraft:crafted":{"minecraft:oak_planks":136,"create:andesite_alloy":31,"minecraft:stone_shovel":1,"minecraft:crafting_table":2,"minecraft:iron_nugget":63,"minecraft:wooden_pickaxe":1,"create:dough":1,"create:large_water_wheel":2,"minecraft:furnace":1,"minecraft:bone_meal":9,"minecraft:bucket":1,"minecraft:campfire":1,"minecraft:stone_axe":1,"minecraft:bread":12,"minecraft:air":0,"create:vertical_gearbox":1,"create:gearbox":1,"create:water_wheel":2,"minecraft:shield":1,"minecraft:stick":12,"create:millstone":1,"minecraft:iron_ingot":19,"minecraft:stone_pickaxe":6,"minecraft:chest":2,"create:large_cogwheel":4,"create:shaft":24,"minecraft:torch":20,"minecraft:stone_hoe":1,"create:cogwheel":13,"minecraft:wheat":144},"minecraft:custom":{"minecraft:interact_with_furnace":10,"minecraft:mob_kills":8,"minecraft:interact_with_crafting_table":29,"minecraft:open_barrel":2,"minecraft:interact_with_campfire":1,"minecraft:leave_game":5,"minecraft:time_since_death":8659,"minecraft:sleep_in_bed":4,"minecraft:climb_one_cm":250,"minecraft:time_since_rest":8702,"minecraft:sprint_one_cm":256813,"minecraft:damage_taken":825,"minecraft:walk_one_cm":166081,"minecraft:damage_blocked_by_shield":215,"minecraft:drop":15,"minecraft:damage_dealt":1568,"minecraft:swim_one_cm":52876,"minecraft:player_kills":1,"minecraft:fly_one_cm":279026,"minecraft:open_chest":12,"minecraft:deaths":1,"minecraft:crouch_one_cm":26451,"minecraft:play_time":78301,"minecraft:sneak_time":7293,"minecraft:walk_under_water_one_cm":14329,"minecraft:jump":1294,"minecraft:walk_on_water_one_cm":19357,"minecraft:total_world_time":78301,"minecraft:fall_one_cm":30379},"minecraft:dropped":{"minecraft:iron_nugget":1,"minecraft:bowl":1,"minecraft:wheat":108,"minecraft:rotten_flesh":2,"minecraft:oak_planks":54,"minecraft:granite":1,"minecraft:filled_map":1,"minecraft:azalea":1,"minecraft:sandstone":6,"minecraft:flowering_azalea":1,"minecraft:wooden_pickaxe":1,"minecraft:stone_pickaxe":1},"minecraft:mined":{"create:cogwheel":1,"create:andesite_casing":6,"minecraft:crafting_table":3,"minecraft:cave_vines_plant":1,"minecraft:granite":4,"minecraft:grass_block":37,"minecraft:dead_bush":39,"minecraft:cobblestone":1,"minecraft:moss_block":18,"minecraft:sugar_cane":5,"minecraft:diorite":27,"minecraft:sandstone":12,"minecraft:hay_block":18,"minecraft:cactus":4,"create:shaft":1,"minecraft:furnace":2,"minecraft:fire":1,"minecraft:iron_ore":21,"minecraft:andesite":242,"minecraft:oak_log":38,"minecraft:coal_ore":38,"minecraft:flowering_azalea_leaves":6,"minecraft:sand":61,"minecraft:dirt":5,"minecraft:azalea_leaves":35,"minecraft:stone":84,"minecraft:green_bed":1,"minecraft:oak_leaves":5},"minecraft:picked_up":{"minecraft:wheat":7,"minecraft:crafting_table":3,"minecraft:clock":1,"minecraft:water_bucket":1,"minecraft:andesite":242,"create:andesite_alloy":19,"minecraft:oak_log":49,"minecraft:shield":1,"minecraft:dirt":42,"minecraft:bone":3,"minecraft:wheat_seeds":30,"minecraft:gold_nugget":48,"minecraft:bucket":1,"minecraft:iron_ingot":8,"minecraft:stone_pickaxe":3,"create:shaft":8,"minecraft:azalea":1,"minecraft:stone_hoe":1,"minecraft:sugar_cane":13,"minecraft:moss_block":17,"minecraft:oak_planks":46,"minecraft:flowering_azalea":1,"minecraft:furnace":2,"minecraft:stick":60,"minecraft:raw_iron":19,"minecraft:sandstone":10,"create:cogwheel":1,"minecraft:torch":5,"minecraft:green_bed":1,"create:andesite_casing":10,"minecraft:sand":60,"minecraft:diorite":25,"minecraft:carrot":4,"minecraft:stone_shovel":1,"create:wheat_flour":64,"minecraft:stone_axe":1,"minecraft:arrow":4,"minecraft:cactus":14,"minecraft:rotten_flesh":2,"minecraft:tropical_fish":1,"minecraft:hay_block":18,"minecraft:granite":4,"minecraft:bread":44,"minecraft:oak_sapling":3,"minecraft:obsidian":3,"minecraft:coal":107,"minecraft:cobblestone":77},"minecraft:used":{"minecraft:moss_block":13,"minecraft:water_bucket":3,"minecraft:diorite":6,"minecraft:stone_shovel":53,"minecraft:stone_pickaxe":425,"minecraft:chest":2,"minecraft:wooden_pickaxe":11,"minecraft:shield":7,"minecraft:sandstone":4,"minecraft:green_bed":1,"minecraft:sugar_cane":11,"minecraft:stone_hoe":15,"minecraft:torch":19,"minecraft:dirt":14,"minecraft:sand":20,"minecraft:crafting_table":5,"create:cogwheel":11,"minecraft:campfire":1,"minecraft:granite":3,"minecraft:oak_log":6,"minecraft:suspicious_stew":1,"minecraft:bread":20,"minecraft:map":1,"create:millstone":1,"minecraft:cobblestone":9,"create:large_water_wheel":2,"minecraft:stone_axe":55,"create:shaft":1,"minecraft:hay_block":2,"minecraft:oak_sapling":1,"minecraft:furnace":3,"minecraft:bucket":4,"create:vertical_gearbox":1,"minecraft:bone_meal":9,"create:large_cogwheel":4}},"DataVersion":3465}