{"stats":{"minecraft:broken":{"minecraft:stone_pickaxe":3},"minecraft:killed":{"minecraft:spider":1,"minecraft:skeleton":3,"minecraft:tropical_fish":1,"minecraft:husk":4,"minecraft:zombie":1},"minecraft:custom":{"minecraft:mob_kills":10,"minecraft:interact_with_crafting_table":39,"minecraft:open_barrel":2,"minecraft:interact_with_campfire":5,"minecraft:leave_game":6,"minecraft:time_since_death":37168,"minecraft:climb_one_cm":250,"minecraft:sprint_one_cm":284772,"minecraft:walk_one_cm":254192,"minecraft:damage_blocked_by_shield":305,"minecraft:drop":33,"minecraft:play_time":106810,"minecraft:deaths":1,"minecraft:sneak_time":8908,"minecraft:walk_under_water_one_cm":17100,"minecraft:jump":1638,"minecraft:walk_on_water_one_cm":23400,"minecraft:total_world_time":106810,"minecraft:interact_with_furnace":14,"minecraft:sleep_in_bed":4,"minecraft:time_since_rest":37211,"minecraft:damage_taken":1015,"minecraft:damage_dealt":2407,"minecraft:swim_one_cm":54906,"minecraft:fly_one_cm":316059,"minecraft:player_kills":1,"minecraft:open_chest":29,"minecraft:crouch_one_cm":28860,"minecraft:fall_one_cm":36794,"minecraft:horse_one_cm":14829},"minecraft:crafted":{"minecraft:oak_planks":160,"minecraft:stone_shovel":1,"minecraft:iron_nugget":63,"minecraft:furnace":1,"minecraft:bone_meal":9,"minecraft:oak_trapdoor":4,"create:vertical_gearbox":1,"create:mechanical_press":1,"create:millstone":1,"minecraft:stone_pickaxe":6,"minecraft:chest":2,"minecraft:stone_hoe":1,"create:cogwheel":21,"minecraft:wheat":144,"create:andesite_alloy":31,"minecraft:crafting_table":2,"minecraft:wooden_pickaxe":1,"create:dough":1,"create:large_water_wheel":2,"minecraft:bucket":1,"minecraft:campfire":2,"minecraft:stone_axe":1,"minecraft:bread":12,"minecraft:air":0,"create:gearbox":3,"create:encased_fan":2,"create:water_wheel":2,"minecraft:shield":1,"minecraft:stick":12,"minecraft:iron_ingot":38,"minecraft:iron_block":1,"create:large_cogwheel":4,"create:propeller":2,"create:shaft":32,"minecraft:torch":40},"minecraft:dropped":{"minecraft:iron_ingot":8,"minecraft:granite":1,"minecraft:flowering_azalea":1,"minecraft:iron_nugget":1,"minecraft:bowl":1,"minecraft:wheat":115,"minecraft:rotten_flesh":2,"minecraft:oak_planks":54,"minecraft:filled_map":1,"create:dough":414,"minecraft:azalea":1,"create:wheat_flour":435,"minecraft:sandstone":6,"minecraft:wooden_pickaxe":1,"minecraft:stone_pickaxe":1},"minecraft:mined":{"create:andesite_casing":13,"minecraft:cave_vines_plant":1,"minecraft:granite":4,"minecraft:grass_block":37,"create:encased_fan":5,"minecraft:moss_block":25,"minecraft:sandstone":12,"minecraft:hay_block":18,"create:shaft":1,"minecraft:furnace":2,"minecraft:iron_ore":36,"minecraft:fire":1,"minecraft:andesite":243,"minecraft:flowering_azalea_leaves":6,"minecraft:azalea_leaves":35,"minecraft:stone":87,"create:mechanical_press":1,"minecraft:green_bed":1,"create:cogwheel":1,"minecraft:crafting_table":3,"minecraft:dead_bush":39,"minecraft:tall_grass":7,"minecraft:cobblestone":9,"minecraft:sugar_cane":5,"minecraft:diorite":27,"minecraft:seagrass":1,"minecraft:cactus":4,"create:gearbox":2,"minecraft:grass":9,"minecraft:oak_log":57,"minecraft:coal_ore":38,"minecraft:sand":70,"minecraft:dirt":5,"minecraft:oak_leaves":47},"minecraft:picked_up":{"minecraft:crafting_table":3,"minecraft:wheat":7,"minecraft:clay_ball":31,"minecraft:shield":1,"minecraft:string":2,"minecraft:moss_carpet":1,"create:mechanical_press":1,"minecraft:gold_nugget":48,"minecraft:bucket":1,"minecraft:azalea":1,"minecraft:sugar_cane":13,"minecraft:furnace":2,"minecraft:raw_iron":33,"minecraft:stick":60,"minecraft:sandstone":10,"create:dough":418,"minecraft:torch":5,"minecraft:green_bed":1,"create:andesite_casing":17,"minecraft:diorite":25,"minecraft:carrot":4,"minecraft:rotten_flesh":4,"minecraft:cactus":14,"minecraft:arrow":6,"minecraft:stone_shovel":1,"minecraft:tropical_fish":1,"minecraft:hay_block":18,"minecraft:obsidian":3,"minecraft:cobblestone":88,"create:iron_sheet":8,"minecraft:clock":1,"minecraft:water_bucket":1,"minecraft:andesite":243,"create:andesite_alloy":19,"minecraft:oak_log":66,"minecraft:dirt":42,"minecraft:bone":4,"minecraft:wheat_seeds":31,"minecraft:stone_pickaxe":3,"minecraft:iron_ingot":8,"create:shaft":8,"minecraft:moss_block":24,"minecraft:flowering_azalea":1,"minecraft:oak_planks":46,"minecraft:stone_hoe":1,"create:cogwheel":1,"minecraft:sand":68,"create:gearbox":2,"create:wheat_flour":320,"minecraft:stone_axe":1,"create:encased_fan":5,"minecraft:granite":4,"minecraft:bread":223,"minecraft:oak_sapling":7,"minecraft:coal":107},"minecraft:used":{"minecraft:oak_trapdoor":4,"minecraft:moss_block":13,"minecraft:stone_shovel":60,"minecraft:chest":2,"minecraft:shield":10,"minecraft:stone_hoe":61,"minecraft:torch":35,"minecraft:dirt":14,"create:cogwheel":11,"minecraft:granite":3,"create:gearbox":4,"create:millstone":1,"minecraft:hay_block":2,"create:shaft":1,"minecraft:furnace":3,"minecraft:oak_sapling":2,"minecraft:water_bucket":4,"minecraft:diorite":6,"minecraft:stone_pickaxe":452,"minecraft:oak_planks":2,"minecraft:wooden_pickaxe":11,"minecraft:sandstone":4,"minecraft:green_bed":1,"minecraft:sugar_cane":11,"minecraft:sand":23,"create:encased_fan":7,"minecraft:crafting_table":5,"minecraft:campfire":2,"minecraft:oak_log":12,"create:mechanical_press":2,"minecraft:bread":26,"minecraft:suspicious_stew":1,"minecraft:map":1,"create:andesite_casing":1,"create:large_water_wheel":2,"minecraft:stone_axe":108,"minecraft:cobblestone":32,"minecraft:bucket":5,"create:vertical_gearbox":1,"minecraft:bone_meal":9,"create:large_cogwheel":4}},"DataVersion":3465}