{"stats":{"minecraft:crafted":{"minecraft:oak_planks":32,"minecraft:crafting_table":1,"minecraft:bread":12,"minecraft:wheat":36},"minecraft:custom":{"minecraft:open_barrel":2,"minecraft:time_since_rest":5405,"minecraft:crouch_one_cm":291,"minecraft:sprint_one_cm":45418,"minecraft:play_time":8420,"minecraft:damage_taken":10,"minecraft:walk_one_cm":21489,"minecraft:sneak_time":70,"minecraft:jump":144,"minecraft:leave_game":4,"minecraft:walk_on_water_one_cm":308,"minecraft:time_since_death":8420,"minecraft:sleep_in_bed":1,"minecraft:total_world_time":8420,"minecraft:interact_with_crafting_table":1,"minecraft:fall_one_cm":2508,"minecraft:fly_one_cm":34307},"minecraft:mined":{"minecraft:hay_block":6,"minecraft:oak_log":8,"minecraft:cactus":4,"minecraft:flowering_azalea_leaves":1,"minecraft:dead_bush":5,"minecraft:sand":3,"minecraft:azalea_leaves":16,"minecraft:sugar_cane":5,"minecraft:crafting_table":1},"minecraft:used":{"minecraft:hay_block":2,"minecraft:crafting_table":1,"minecraft:bread":2},"minecraft:picked_up":{"minecraft:crafting_table":1,"minecraft:cactus":7,"minecraft:hay_block":6,"minecraft:sand":3,"minecraft:oak_log":8,"minecraft:sugar_cane":11}},"DataVersion":3465}