{"stats":{"minecraft:killed":{"minecraft:tropical_fish":1},"minecraft:broken":{"minecraft:stone_pickaxe":2},"minecraft:crafted":{"minecraft:oak_planks":60,"minecraft:crafting_table":2,"minecraft:stick":4,"minecraft:wooden_pickaxe":1,"minecraft:stone_pickaxe":3,"minecraft:furnace":1,"minecraft:torch":4,"minecraft:stone_axe":1,"minecraft:bread":12,"minecraft:wheat":36},"minecraft:custom":{"minecraft:time_since_rest":28641,"minecraft:interact_with_furnace":1,"minecraft:sprint_one_cm":81036,"minecraft:damage_taken":140,"minecraft:walk_one_cm":81406,"minecraft:mob_kills":1,"minecraft:drop":6,"minecraft:damage_dealt":128,"minecraft:swim_one_cm":448,"minecraft:interact_with_crafting_table":8,"minecraft:fly_one_cm":78704,"minecraft:open_barrel":2,"minecraft:crouch_one_cm":15706,"minecraft:play_time":31656,"minecraft:sneak_time":4682,"minecraft:walk_under_water_one_cm":2464,"minecraft:jump":434,"minecraft:leave_game":4,"minecraft:walk_on_water_one_cm":7883,"minecraft:time_since_death":31656,"minecraft:climb_one_cm":250,"minecraft:sleep_in_bed":1,"minecraft:total_world_time":31656,"minecraft:fall_one_cm":7742},"minecraft:dropped":{"minecraft:oak_planks":54,"minecraft:sandstone":6,"minecraft:granite":1,"minecraft:wooden_pickaxe":1},"minecraft:mined":{"minecraft:hay_block":6,"minecraft:cactus":4,"minecraft:iron_ore":19,"minecraft:andesite":242,"minecraft:crafting_table":1,"minecraft:cave_vines_plant":1,"minecraft:granite":4,"minecraft:coal_ore":12,"minecraft:oak_log":15,"minecraft:flowering_azalea_leaves":2,"minecraft:dead_bush":11,"minecraft:dirt":1,"minecraft:sand":29,"minecraft:azalea_leaves":22,"minecraft:stone":50,"minecraft:moss_block":18,"minecraft:sugar_cane":5,"minecraft:diorite":27,"minecraft:sandstone":12},"minecraft:picked_up":{"minecraft:raw_iron":17,"minecraft:stick":7,"minecraft:crafting_table":1,"minecraft:sandstone":10,"minecraft:andesite":242,"minecraft:torch":1,"minecraft:sand":28,"minecraft:oak_log":15,"minecraft:diorite":25,"minecraft:dirt":1,"minecraft:cactus":7,"minecraft:tropical_fish":1,"minecraft:hay_block":6,"minecraft:granite":4,"minecraft:moss_block":17,"minecraft:sugar_cane":11,"minecraft:coal":12,"minecraft:oak_planks":27,"minecraft:cobblestone":42},"minecraft:used":{"minecraft:moss_block":13,"minecraft:diorite":6,"minecraft:bread":6,"minecraft:stone_pickaxe":359,"minecraft:wooden_pickaxe":11,"minecraft:sandstone":4,"minecraft:torch":5,"minecraft:stone_axe":1,"minecraft:dirt":1,"minecraft:sand":20,"minecraft:hay_block":2,"minecraft:crafting_table":3,"minecraft:furnace":1,"minecraft:granite":3}},"DataVersion":3465}