{"stats":{"minecraft:killed":{"minecraft:husk":2,"minecraft:tropical_fish":1},"minecraft:broken":{"minecraft:stone_pickaxe":3},"minecraft:crafted":{"minecraft:oak_planks":100,"create:andesite_alloy":31,"minecraft:iron_nugget":63,"minecraft:crafting_table":2,"minecraft:wooden_pickaxe":1,"minecraft:furnace":1,"minecraft:stone_axe":1,"minecraft:bread":12,"minecraft:air":0,"minecraft:stick":4,"minecraft:iron_ingot":19,"minecraft:stone_pickaxe":3,"create:shaft":8,"minecraft:torch":4,"minecraft:wheat":36},"minecraft:custom":{"minecraft:interact_with_furnace":6,"minecraft:mob_kills":3,"minecraft:interact_with_crafting_table":11,"minecraft:open_barrel":2,"minecraft:leave_game":4,"minecraft:time_since_death":43656,"minecraft:sleep_in_bed":2,"minecraft:climb_one_cm":250,"minecraft:time_since_rest":3563,"minecraft:sprint_one_cm":123080,"minecraft:damage_taken":345,"minecraft:walk_one_cm":97798,"minecraft:drop":10,"minecraft:damage_dealt":528,"minecraft:swim_one_cm":38487,"minecraft:fly_one_cm":143455,"minecraft:open_chest":4,"minecraft:crouch_one_cm":18442,"minecraft:play_time":43656,"minecraft:sneak_time":5809,"minecraft:walk_under_water_one_cm":9531,"minecraft:jump":691,"minecraft:walk_on_water_one_cm":11317,"minecraft:total_world_time":43656,"minecraft:fall_one_cm":13377},"minecraft:dropped":{"minecraft:bowl":1,"minecraft:oak_planks":54,"minecraft:granite":1,"minecraft:filled_map":1,"minecraft:azalea":1,"minecraft:sandstone":6,"minecraft:flowering_azalea":1,"minecraft:wooden_pickaxe":1},"minecraft:mined":{"create:andesite_casing":6,"minecraft:crafting_table":1,"minecraft:cave_vines_plant":1,"minecraft:granite":4,"minecraft:dead_bush":11,"minecraft:sugar_cane":5,"minecraft:moss_block":18,"minecraft:diorite":27,"minecraft:sandstone":12,"minecraft:hay_block":6,"minecraft:cactus":4,"minecraft:iron_ore":21,"minecraft:andesite":242,"minecraft:oak_log":32,"minecraft:coal_ore":38,"minecraft:flowering_azalea_leaves":6,"minecraft:sand":45,"minecraft:dirt":1,"minecraft:azalea_leaves":35,"minecraft:stone":53},"minecraft:picked_up":{"minecraft:crafting_table":1,"minecraft:andesite":242,"minecraft:oak_log":31,"minecraft:dirt":1,"minecraft:azalea":1,"minecraft:sugar_cane":11,"minecraft:moss_block":17,"minecraft:oak_planks":27,"minecraft:flowering_azalea":1,"minecraft:stick":9,"minecraft:raw_iron":19,"minecraft:sandstone":10,"minecraft:torch":1,"create:andesite_casing":6,"minecraft:sand":44,"minecraft:diorite":25,"minecraft:cactus":7,"minecraft:tropical_fish":1,"minecraft:hay_block":6,"minecraft:granite":4,"minecraft:coal":38,"minecraft:cobblestone":45},"minecraft:used":{"minecraft:moss_block":13,"minecraft:diorite":6,"minecraft:stone_pickaxe":390,"minecraft:wooden_pickaxe":11,"minecraft:sandstone":4,"minecraft:torch":5,"minecraft:dirt":1,"minecraft:sand":20,"minecraft:crafting_table":3,"minecraft:granite":3,"minecraft:oak_log":6,"minecraft:bread":8,"minecraft:map":1,"minecraft:suspicious_stew":1,"minecraft:stone_axe":35,"minecraft:hay_block":2,"minecraft:furnace":1}},"DataVersion":3465}