{"stats":{"minecraft:broken":{"minecraft:stone_pickaxe":3,"minecraft:stone_axe":1},"minecraft:killed":{"minecraft:spider":1,"minecraft:skeleton":3,"minecraft:drowned":1,"minecraft:tropical_fish":1,"minecraft:husk":6,"minecraft:creeper":1,"minecraft:zombie":2},"minecraft:custom":{"minecraft:mob_kills":15,"minecraft:interact_with_crafting_table":46,"minecraft:open_barrel":2,"minecraft:interact_with_campfire":5,"minecraft:leave_game":8,"minecraft:time_since_death":59072,"minecraft:climb_one_cm":250,"minecraft:sprint_one_cm":300209,"minecraft:walk_one_cm":307749,"minecraft:damage_blocked_by_shield":305,"minecraft:drop":38,"minecraft:play_time":128714,"minecraft:deaths":1,"minecraft:sneak_time":9788,"minecraft:walk_under_water_one_cm":19903,"minecraft:jump":1896,"minecraft:walk_on_water_one_cm":27596,"minecraft:total_world_time":128714,"minecraft:interact_with_furnace":33,"minecraft:sleep_in_bed":4,"minecraft:time_since_rest":59115,"minecraft:damage_taken":1185,"minecraft:damage_dealt":3347,"minecraft:swim_one_cm":60725,"minecraft:fly_one_cm":345533,"minecraft:player_kills":1,"minecraft:open_chest":54,"minecraft:crouch_one_cm":32738,"minecraft:fall_one_cm":43501,"minecraft:horse_one_cm":46468},"minecraft:crafted":{"minecraft:oak_planks":160,"minecraft:stone_shovel":1,"create:wrench":1,"minecraft:iron_nugget":63,"travelersbackpack:hose_nozzle":1,"minecraft:furnace":1,"minecraft:bone_meal":9,"minecraft:oak_trapdoor":4,"minecraft:green_dye":7,"create:vertical_gearbox":1,"minecraft:glass":5,"create:mechanical_press":1,"create:millstone":1,"minecraft:stone_pickaxe":6,"minecraft:chest":2,"minecraft:stone_hoe":1,"create:cogwheel":23,"minecraft:wheat":144,"travelersbackpack:hose":1,"create:andesite_alloy":31,"minecraft:crafting_table":2,"minecraft:wooden_pickaxe":1,"create:dough":1,"create:goggles":1,"create:large_water_wheel":2,"minecraft:bucket":1,"minecraft:campfire":2,"minecraft:stone_axe":2,"minecraft:bread":12,"minecraft:air":0,"create:gearbox":3,"create:encased_fan":2,"create:water_wheel":2,"minecraft:shield":1,"minecraft:stick":12,"minecraft:iron_ingot":74,"minecraft:iron_block":1,"minecraft:gold_ingot":40,"create:large_cogwheel":4,"create:propeller":2,"create:shaft":32,"minecraft:torch":40},"minecraft:dropped":{"minecraft:iron_ingot":8,"minecraft:granite":1,"minecraft:flowering_azalea":1,"minecraft:gold_ingot":4,"minecraft:sugar_cane":4,"minecraft:iron_nugget":1,"minecraft:bowl":1,"minecraft:wheat":115,"minecraft:rotten_flesh":2,"minecraft:oak_planks":54,"minecraft:filled_map":1,"create:dough":414,"minecraft:azalea":1,"create:wheat_flour":435,"minecraft:sandstone":6,"minecraft:wooden_pickaxe":1,"minecraft:stone_pickaxe":1},"minecraft:mined":{"create:andesite_casing":13,"minecraft:cave_vines_plant":1,"minecraft:granite":4,"minecraft:grass_block":37,"create:encased_fan":5,"minecraft:moss_block":25,"minecraft:sandstone":12,"minecraft:hay_block":18,"create:shaft":1,"minecraft:furnace":2,"minecraft:iron_ore":36,"minecraft:fire":1,"minecraft:andesite":243,"minecraft:flowering_azalea_leaves":6,"minecraft:azalea_leaves":35,"minecraft:stone":87,"create:mechanical_press":1,"minecraft:green_bed":1,"create:cogwheel":1,"minecraft:crafting_table":3,"minecraft:dead_bush":39,"minecraft:tall_grass":7,"minecraft:cobblestone":9,"minecraft:sugar_cane":5,"minecraft:diorite":27,"minecraft:seagrass":1,"minecraft:cactus":4,"create:gearbox":2,"minecraft:grass":9,"minecraft:oak_log":58,"minecraft:coal_ore":38,"minecraft:gravel":10,"minecraft:sand":117,"minecraft:dirt":8,"minecraft:oak_leaves":47},"minecraft:picked_up":{"minecraft:crafting_table":3,"minecraft:wheat":7,"minecraft:clay_ball":31,"minecraft:shield":1,"minecraft:string":2,"minecraft:moss_carpet":1,"create:mechanical_press":1,"minecraft:gold_nugget":48,"minecraft:bucket":1,"minecraft:azalea":1,"minecraft:sugar_cane":15,"minecraft:furnace":2,"minecraft:stick":60,"minecraft:raw_iron":33,"minecraft:sandstone":10,"create:dough":418,"create:golden_sheet":4,"minecraft:torch":5,"minecraft:green_bed":1,"create:andesite_casing":17,"minecraft:diorite":25,"minecraft:carrot":4,"minecraft:rotten_flesh":5,"minecraft:arrow":6,"minecraft:cactus":14,"minecraft:stone_shovel":1,"minecraft:tropical_fish":1,"minecraft:hay_block":18,"minecraft:obsidian":3,"minecraft:cobblestone":88,"create:iron_sheet":8,"minecraft:clock":1,"minecraft:water_bucket":1,"minecraft:andesite":243,"minecraft:flint":1,"minecraft:oak_log":67,"create:andesite_alloy":19,"minecraft:gunpowder":1,"minecraft:dirt":43,"minecraft:bone":4,"minecraft:wheat_seeds":31,"minecraft:stone_pickaxe":3,"minecraft:iron_ingot":8,"create:shaft":8,"minecraft:moss_block":24,"minecraft:stone_hoe":1,"minecraft:oak_planks":46,"minecraft:flowering_azalea":1,"create:cogwheel":1,"minecraft:gravel":4,"minecraft:sand":115,"create:gearbox":2,"create:wheat_flour":320,"minecraft:stone_axe":1,"create:encased_fan":5,"minecraft:granite":4,"minecraft:bread":223,"minecraft:oak_sapling":7,"minecraft:coal":107},"minecraft:used":{"minecraft:oak_trapdoor":4,"minecraft:moss_block":13,"minecraft:stone_shovel":115,"minecraft:chest":2,"minecraft:shield":10,"minecraft:stone_hoe":61,"minecraft:torch":35,"minecraft:dirt":14,"create:cogwheel":12,"minecraft:granite":3,"create:wrench":1,"create:gearbox":4,"create:millstone":2,"minecraft:hay_block":2,"create:shaft":1,"minecraft:oak_sapling":2,"minecraft:furnace":3,"minecraft:water_bucket":4,"minecraft:diorite":6,"minecraft:stone_pickaxe":452,"minecraft:oak_planks":2,"minecraft:wooden_pickaxe":11,"minecraft:sandstone":4,"minecraft:sugar_cane":11,"minecraft:green_bed":1,"minecraft:sand":30,"create:encased_fan":7,"minecraft:crafting_table":5,"minecraft:campfire":2,"minecraft:oak_log":12,"create:mechanical_press":2,"minecraft:bread":29,"minecraft:suspicious_stew":1,"minecraft:map":1,"minecraft:gravel":4,"create:andesite_casing":1,"create:large_water_wheel":2,"minecraft:stone_axe":120,"minecraft:cobblestone":32,"minecraft:bucket":5,"create:vertical_gearbox":1,"minecraft:bone_meal":9,"create:large_cogwheel":4}},"DataVersion":3465}