{"stats":{"minecraft:killed":{"minecraft:husk":4,"minecraft:skeleton":2,"minecraft:zombie":1,"minecraft:tropical_fish":1},"minecraft:broken":{"minecraft:stone_pickaxe":3},"minecraft:crafted":{"minecraft:oak_planks":136,"create:andesite_alloy":31,"minecraft:stone_shovel":1,"minecraft:crafting_table":2,"minecraft:iron_nugget":63,"minecraft:wooden_pickaxe":1,"create:dough":1,"create:large_water_wheel":2,"minecraft:furnace":1,"minecraft:bone_meal":9,"minecraft:bucket":1,"minecraft:campfire":1,"minecraft:stone_axe":1,"minecraft:bread":12,"minecraft:air":0,"create:vertical_gearbox":1,"create:gearbox":1,"create:water_wheel":2,"minecraft:shield":1,"minecraft:stick":12,"create:millstone":1,"minecraft:iron_ingot":19,"minecraft:stone_pickaxe":4,"minecraft:chest":2,"create:large_cogwheel":4,"create:shaft":24,"minecraft:torch":20,"minecraft:stone_hoe":1,"create:cogwheel":13,"minecraft:wheat":144},"minecraft:custom":{"minecraft:interact_with_furnace":10,"minecraft:mob_kills":8,"minecraft:interact_with_crafting_table":28,"minecraft:open_barrel":2,"minecraft:interact_with_campfire":1,"minecraft:leave_game":5,"minecraft:time_since_death":66301,"minecraft:sleep_in_bed":4,"minecraft:climb_one_cm":250,"minecraft:time_since_rest":681,"minecraft:sprint_one_cm":190986,"minecraft:damage_taken":445,"minecraft:walk_one_cm":140701,"minecraft:damage_blocked_by_shield":215,"minecraft:drop":14,"minecraft:damage_dealt":1408,"minecraft:swim_one_cm":52147,"minecraft:fly_one_cm":216844,"minecraft:open_chest":5,"minecraft:crouch_one_cm":22884,"minecraft:play_time":66301,"minecraft:sneak_time":6606,"minecraft:walk_under_water_one_cm":10725,"minecraft:jump":1017,"minecraft:walk_on_water_one_cm":15336,"minecraft:total_world_time":66301,"minecraft:fall_one_cm":20458},"minecraft:dropped":{"minecraft:iron_nugget":1,"minecraft:bowl":1,"minecraft:wheat":64,"minecraft:rotten_flesh":2,"minecraft:oak_planks":54,"minecraft:granite":1,"minecraft:filled_map":1,"minecraft:azalea":1,"minecraft:sandstone":6,"minecraft:flowering_azalea":1,"minecraft:wooden_pickaxe":1,"minecraft:stone_pickaxe":1},"minecraft:mined":{"create:cogwheel":1,"create:andesite_casing":6,"minecraft:crafting_table":3,"minecraft:cave_vines_plant":1,"minecraft:granite":4,"minecraft:grass_block":37,"minecraft:dead_bush":27,"minecraft:moss_block":18,"minecraft:sugar_cane":5,"minecraft:diorite":27,"minecraft:sandstone":12,"minecraft:hay_block":18,"minecraft:cactus":4,"create:shaft":1,"minecraft:furnace":2,"minecraft:iron_ore":21,"minecraft:andesite":242,"minecraft:oak_log":38,"minecraft:coal_ore":38,"minecraft:flowering_azalea_leaves":6,"minecraft:sand":61,"minecraft:dirt":5,"minecraft:azalea_leaves":35,"minecraft:stone":53,"minecraft:green_bed":1,"minecraft:oak_leaves":5},"minecraft:picked_up":{"minecraft:crafting_table":3,"minecraft:water_bucket":1,"minecraft:andesite":242,"minecraft:oak_log":46,"minecraft:dirt":42,"minecraft:bone":3,"minecraft:gold_nugget":24,"create:shaft":1,"minecraft:azalea":1,"minecraft:sugar_cane":11,"minecraft:moss_block":17,"minecraft:oak_planks":27,"minecraft:flowering_azalea":1,"minecraft:furnace":2,"minecraft:stick":26,"minecraft:raw_iron":19,"minecraft:sandstone":10,"create:cogwheel":1,"minecraft:torch":1,"minecraft:green_bed":1,"create:andesite_casing":6,"minecraft:sand":60,"minecraft:diorite":25,"create:wheat_flour":64,"minecraft:arrow":2,"minecraft:cactus":7,"minecraft:rotten_flesh":2,"minecraft:tropical_fish":1,"minecraft:hay_block":18,"minecraft:granite":4,"minecraft:bread":15,"minecraft:oak_sapling":2,"minecraft:obsidian":3,"minecraft:coal":75,"minecraft:cobblestone":45},"minecraft:used":{"minecraft:moss_block":13,"minecraft:water_bucket":2,"minecraft:diorite":6,"minecraft:stone_shovel":53,"minecraft:stone_pickaxe":393,"minecraft:chest":2,"minecraft:wooden_pickaxe":11,"minecraft:shield":7,"minecraft:sandstone":4,"minecraft:green_bed":1,"minecraft:sugar_cane":11,"minecraft:stone_hoe":14,"minecraft:torch":17,"minecraft:dirt":14,"minecraft:sand":20,"minecraft:crafting_table":5,"create:cogwheel":11,"minecraft:campfire":1,"minecraft:granite":3,"minecraft:oak_log":6,"minecraft:suspicious_stew":1,"minecraft:bread":16,"minecraft:map":1,"create:millstone":1,"create:large_water_wheel":2,"minecraft:stone_axe":53,"create:shaft":1,"minecraft:hay_block":2,"minecraft:oak_sapling":1,"minecraft:furnace":3,"minecraft:bucket":3,"create:vertical_gearbox":1,"minecraft:bone_meal":9,"create:large_cogwheel":4}},"DataVersion":3465}