{"stats":{"minecraft:killed":{"minecraft:husk":4,"minecraft:skeleton":2,"minecraft:zombie":1,"minecraft:tropical_fish":1},"minecraft:broken":{"minecraft:stone_pickaxe":3},"minecraft:crafted":{"minecraft:oak_planks":136,"create:andesite_alloy":31,"minecraft:stone_shovel":1,"minecraft:iron_nugget":63,"minecraft:crafting_table":2,"minecraft:wooden_pickaxe":1,"create:large_water_wheel":2,"minecraft:furnace":1,"minecraft:bucket":1,"minecraft:stone_axe":1,"minecraft:bread":12,"minecraft:air":0,"create:vertical_gearbox":1,"create:gearbox":1,"create:water_wheel":2,"minecraft:shield":1,"minecraft:stick":12,"create:millstone":1,"minecraft:iron_ingot":19,"minecraft:stone_pickaxe":4,"create:large_cogwheel":4,"create:shaft":24,"minecraft:torch":20,"create:cogwheel":13,"minecraft:wheat":36},"minecraft:custom":{"minecraft:interact_with_furnace":9,"minecraft:mob_kills":8,"minecraft:interact_with_crafting_table":23,"minecraft:open_barrel":2,"minecraft:leave_game":4,"minecraft:time_since_death":55656,"minecraft:sleep_in_bed":2,"minecraft:climb_one_cm":250,"minecraft:time_since_rest":15563,"minecraft:sprint_one_cm":141631,"minecraft:damage_taken":420,"minecraft:walk_one_cm":123624,"minecraft:damage_blocked_by_shield":215,"minecraft:drop":12,"minecraft:damage_dealt":1408,"minecraft:swim_one_cm":52147,"minecraft:fly_one_cm":163353,"minecraft:open_chest":4,"minecraft:crouch_one_cm":22635,"minecraft:play_time":55656,"minecraft:sneak_time":6503,"minecraft:walk_under_water_one_cm":10725,"minecraft:jump":813,"minecraft:walk_on_water_one_cm":14434,"minecraft:total_world_time":55656,"minecraft:fall_one_cm":16487},"minecraft:dropped":{"minecraft:iron_nugget":1,"minecraft:bowl":1,"minecraft:rotten_flesh":2,"minecraft:oak_planks":54,"minecraft:granite":1,"minecraft:filled_map":1,"minecraft:azalea":1,"minecraft:sandstone":6,"minecraft:flowering_azalea":1,"minecraft:wooden_pickaxe":1},"minecraft:mined":{"create:cogwheel":1,"create:andesite_casing":6,"minecraft:crafting_table":3,"minecraft:cave_vines_plant":1,"minecraft:granite":4,"minecraft:grass_block":37,"minecraft:dead_bush":11,"minecraft:sugar_cane":5,"minecraft:moss_block":18,"minecraft:diorite":27,"minecraft:sandstone":12,"minecraft:hay_block":6,"minecraft:cactus":4,"create:shaft":1,"minecraft:furnace":2,"minecraft:iron_ore":21,"minecraft:andesite":242,"minecraft:oak_log":32,"minecraft:coal_ore":38,"minecraft:flowering_azalea_leaves":6,"minecraft:sand":61,"minecraft:dirt":5,"minecraft:azalea_leaves":35,"minecraft:stone":53},"minecraft:picked_up":{"minecraft:crafting_table":3,"minecraft:andesite":242,"minecraft:oak_log":40,"minecraft:dirt":42,"minecraft:bone":3,"minecraft:gold_nugget":24,"create:shaft":1,"minecraft:azalea":1,"minecraft:sugar_cane":11,"minecraft:moss_block":17,"minecraft:oak_planks":27,"minecraft:flowering_azalea":1,"minecraft:furnace":2,"minecraft:stick":9,"minecraft:raw_iron":19,"minecraft:sandstone":10,"create:cogwheel":1,"minecraft:torch":1,"create:andesite_casing":6,"minecraft:sand":60,"minecraft:diorite":25,"minecraft:arrow":2,"minecraft:rotten_flesh":2,"minecraft:cactus":7,"minecraft:tropical_fish":1,"minecraft:hay_block":6,"minecraft:granite":4,"minecraft:bread":14,"minecraft:obsidian":3,"minecraft:coal":75,"minecraft:cobblestone":45},"minecraft:used":{"minecraft:moss_block":13,"minecraft:water_bucket":2,"minecraft:diorite":6,"minecraft:stone_shovel":53,"minecraft:stone_pickaxe":393,"minecraft:shield":7,"minecraft:wooden_pickaxe":11,"minecraft:sandstone":4,"minecraft:torch":17,"minecraft:dirt":14,"minecraft:sand":20,"minecraft:crafting_table":5,"create:cogwheel":11,"minecraft:granite":3,"minecraft:oak_log":6,"minecraft:bread":12,"minecraft:map":1,"minecraft:suspicious_stew":1,"create:large_water_wheel":2,"minecraft:stone_axe":47,"create:shaft":1,"minecraft:hay_block":2,"minecraft:furnace":3,"minecraft:bucket":2,"create:vertical_gearbox":1,"create:large_cogwheel":4}},"DataVersion":3465}