{"stats":{"minecraft:crafted":{"minecraft:oak_planks":60,"minecraft:crafting_table":1,"minecraft:wooden_pickaxe":1,"minecraft:stone_pickaxe":1,"minecraft:stone_axe":1,"minecraft:bread":12,"minecraft:wheat":36},"minecraft:custom":{"minecraft:time_since_rest":16641,"minecraft:sprint_one_cm":70238,"minecraft:damage_taken":130,"minecraft:walk_one_cm":52292,"minecraft:drop":3,"minecraft:damage_dealt":98,"minecraft:interact_with_crafting_table":5,"minecraft:fly_one_cm":64595,"minecraft:open_barrel":2,"minecraft:crouch_one_cm":5031,"minecraft:play_time":19656,"minecraft:sneak_time":2439,"minecraft:jump":288,"minecraft:leave_game":4,"minecraft:walk_on_water_one_cm":308,"minecraft:time_since_death":19656,"minecraft:sleep_in_bed":1,"minecraft:total_world_time":19656,"minecraft:fall_one_cm":6488},"minecraft:dropped":{"minecraft:oak_planks":54,"minecraft:wooden_pickaxe":1},"minecraft:mined":{"minecraft:hay_block":6,"minecraft:cactus":4,"minecraft:iron_ore":5,"minecraft:crafting_table":1,"minecraft:cave_vines_plant":1,"minecraft:granite":4,"minecraft:oak_log":15,"minecraft:flowering_azalea_leaves":2,"minecraft:dead_bush":11,"minecraft:dirt":1,"minecraft:sand":20,"minecraft:azalea_leaves":22,"minecraft:stone":44,"minecraft:moss_block":4,"minecraft:sugar_cane":5,"minecraft:diorite":26,"minecraft:sandstone":8},"minecraft:used":{"minecraft:diorite":6,"minecraft:bread":4,"minecraft:stone_pickaxe":79,"minecraft:wooden_pickaxe":11,"minecraft:sandstone":4,"minecraft:dirt":1,"minecraft:sand":20,"minecraft:hay_block":2,"minecraft:crafting_table":2},"minecraft:picked_up":{"minecraft:raw_iron":3,"minecraft:stick":7,"minecraft:crafting_table":1,"minecraft:sandstone":4,"minecraft:sand":20,"minecraft:oak_log":15,"minecraft:diorite":24,"minecraft:dirt":1,"minecraft:cactus":7,"minecraft:hay_block":6,"minecraft:granite":4,"minecraft:moss_block":4,"minecraft:sugar_cane":11,"minecraft:oak_planks":27,"minecraft:cobblestone":36}},"DataVersion":3465}